_id,favs_lognorm
https://habrahabr.ru/post/314080/,0.4249227427213895
https://habrahabr.ru/company/plesk/blog/313732/,-1.076223022237158
https://habrahabr.ru/company/etagi/blog/314000/,0.661424313018552
https://habrahabr.ru/company/knopka/blog/314030/,0.5173996974222523
https://geektimes.ru/company/audiomania/blog/282058/,1.146610010190841
https://habrahabr.ru/company/pechkin/blog/314066/,0.26693851323971257
https://habrahabr.ru/company/first/blog/314106/,0.5398331934268608
https://habrahabr.ru/company/vasexperts/blog/313558/,0.24094938145835998
https://habrahabr.ru/post/314108/,1.6599532836264541
https://habrahabr.ru/company/cbs/blog/313830/,0.24476754028298167
https://habrahabr.ru/company/jugru/blog/313908/,0.22419960291745777
https://habrahabr.ru/post/314110/,0.36110991782051227
https://habrahabr.ru/company/pt/blog/314112/,0.01632630280782965
https://habrahabr.ru/company/solarsecurity/blog/312056/,0.07319366754372178
https://habrahabr.ru/post/314114/,0.7960072218102744
https://habrahabr.ru/post/314118/,1.3181573550385468
https://habrahabr.ru/post/314122/,0.5182972084392473
https://geektimes.ru/company/dadget/blog/281786/,0.13007254099041582
https://habrahabr.ru/company/kickidler/blog/314042/,-0.44460900203129805
https://habrahabr.ru/company/it-grad/blog/312042/,-0.10961818148399555
https://habrahabr.ru/company/1cloud/blog/314022/,-0.24684846248040482
https://habrahabr.ru/post/314126/,-0.6555199307384876
https://habrahabr.ru/post/313966/,0.44441974610563184
https://habrahabr.ru/company/piter/blog/314120/,0.4596753308832918
https://geektimes.ru/post/282094/,0.14596558214833208
https://habrahabr.ru/company/regionsoft/blog/314130/,-0.338633775249765
https://habrahabr.ru/company/ru_mts/blog/314134/,0.36860966494486247
https://habrahabr.ru/post/314028/,0.655018912257102
https://habrahabr.ru/post/314136/,-0.1501991834253471
https://habrahabr.ru/post/313904/,0.2927791516952865
https://habrahabr.ru/post/314140/,0.5867540615026281
https://habrahabr.ru/company/acronis/blog/309688/,-0.0006268050270192838
https://geektimes.ru/post/282096/,-0.4081092678546322
https://habrahabr.ru/post/314142/,0.05988058883534536
https://habrahabr.ru/company/ivideon/blog/314138/,0.19330577610475844
https://geektimes.ru/post/282104/,0.3331468198471363
https://geektimes.ru/post/282102/,-0.29621034487854825
https://geektimes.ru/post/282016/,-0.06575445488972542
https://geektimes.ru/company/piter/blog/282106/,0.3262255455472839
https://habrahabr.ru/post/314150/,0.2810043793176908
https://habrahabr.ru/company/mailru/blog/313880/,1.269901764934839
https://geektimes.ru/company/comfortway/blog/282108/,-0.09526444834089842
https://habrahabr.ru/company/erlyvideo/blog/314146/,-0.1823175552779882
https://geektimes.ru/company/atlasbiomed/blog/282110/,0.3025878470060583
https://habrahabr.ru/company/npl/blog/314160/,0.08407226810512891
https://habrahabr.ru/company/edison/blog/314094/,-0.22438842829031125
https://geektimes.ru/post/282112/,-0.5160363577868732
https://habrahabr.ru/company/ruvds/blog/314166/,0.4332495634244006
https://geektimes.ru/company/gearbest/blog/282114/,0.05785550528008043
https://habrahabr.ru/post/314172/,0.87182432504243
https://geektimes.ru/post/282116/,0.47313538846738246
https://geektimes.ru/company/intel/blog/282026/,0.19380260769194568
https://habrahabr.ru/post/313776/,1.774402957967307
https://habrahabr.ru/post/314174/,0.24005997896386894
https://geektimes.ru/post/282118/,1.1065857143109148
https://geektimes.ru/post/282122/,0.5825596822156165
https://habrahabr.ru/company/FastVPS/blog/314178/,-0.47825759983463767
https://habrahabr.ru/post/314180/,0.5584280102433146
https://geektimes.ru/post/282446/,0.43447936307740326
https://habrahabr.ru/post/314184/,1.0125384679253235
https://habrahabr.ru/post/313954/,-0.6466445647505369
https://habrahabr.ru/post/314186/,0.7899193704211236
https://geektimes.ru/post/282124/,-0.4300323615460321
https://habrahabr.ru/post/314190/,-1.1567519492099345
https://geektimes.ru/company/madrobots/blog/282126/,0.5823746815228665
https://habrahabr.ru/post/314188/,-0.03637560687888791
https://geektimes.ru/post/282128/,0.5219413964291335
https://habrahabr.ru/post/314194/,0.47431509406075834
https://geektimes.ru/post/282132/,-1.0033022926855422
https://habrahabr.ru/post/314208/,0.313416124984288
https://habrahabr.ru/post/312352/,0.015809985404791005
https://habrahabr.ru/post/314202/,0.12554747374899114
https://habrahabr.ru/post/314210/,1.169139071079437
https://geektimes.ru/post/282130/,0.5236177643614883
https://habrahabr.ru/company/centosadmin/blog/314212/,0.03175469194285763
https://habrahabr.ru/post/314116/,0.13204103898589184
https://geektimes.ru/post/282120/,0.39664590103957986
https://habrahabr.ru/post/313392/,0.9535495388713904
https://habrahabr.ru/company/pt/blog/314216/,-0.11113252058346301
https://habrahabr.ru/company/skbkontur/blog/314144/,0.5115471393262603
https://habrahabr.ru/company/nixsolutions/blog/314196/,-0.3395311511509389
https://geektimes.ru/post/282056/,-0.2567013193103025
https://habrahabr.ru/company/yandex/blog/314222/,0.6864856041825826
https://habrahabr.ru/company/pvs-studio/blog/314226/,0.04596489969728945
https://habrahabr.ru/post/314232/,0.770704485738203
https://habrahabr.ru/company/e-Legion/blog/314170/,0.4032726960036382
https://habrahabr.ru/company/testutor/blog/314234/,0.4235123759244043
https://habrahabr.ru/post/314236/,0.8495965420642227
https://habrahabr.ru/company/regberry/blog/314128/,-0.23111921024625182
https://habrahabr.ru/company/polyglot/blog/314248/,-1.2229464468096203
https://geektimes.ru/post/282136/,0.047591184867657454
https://habrahabr.ru/company/eset/blog/314058/,-0.3958227876759367
https://habrahabr.ru/post/314254/,0.16320786345857283
https://geektimes.ru/post/282140/,5.343252681555555e-05
https://geektimes.ru/post/282142/,0.33711050894550454
https://geektimes.ru/post/282138/,-0.6262711193381701
https://habrahabr.ru/company/redmadrobot/blog/314156/,0.21878953727059927
https://habrahabr.ru/company/edison/blog/314206/,-0.8558882288049795
https://habrahabr.ru/company/pentestit/blog/314230/,-0.37835000535497654
https://habrahabr.ru/post/314258/,0.8021344801113953
https://habrahabr.ru/post/314260/,0.0631743332156186
https://geektimes.ru/post/282148/,-1.4921623585893125
https://habrahabr.ru/company/smartprogress/blog/313894/,0.16631460866234873
https://habrahabr.ru/company/aacidov/blog/314262/,-0.20630822189025755
https://geektimes.ru/company/banderolka/blog/282144/,0.45779808225052054
https://habrahabr.ru/company/eset/blog/314266/,-0.4943104991539814
https://habrahabr.ru/post/314268/,0.4223796459208711
https://geektimes.ru/post/282152/,0.7055089077880329
https://geektimes.ru/post/282146/,-0.1780996281228585
https://habrahabr.ru/company/hh/blog/313970/,0.6368409043216763
https://habrahabr.ru/company/google/blog/310514/,0.31985908725830453
https://habrahabr.ru/post/314274/,1.098506980676147
https://geektimes.ru/post/282160/,0.5623611308442246
https://geektimes.ru/post/282162/,0.7105731481793531
https://habrahabr.ru/company/plarium/blog/314250/,0.5683788603470747
https://geektimes.ru/post/282164/,0.452540777973901
https://habrahabr.ru/post/313710/,-0.2225852098647405
https://geektimes.ru/post/281962/,0.15206961355885354
https://habrahabr.ru/post/314228/,-0.03386871394041835
https://geektimes.ru/company/makeitlab/blog/281970/,0.002496720368109606
https://habrahabr.ru/company/gvalg/blog/314286/,0.6781039078641777
https://habrahabr.ru/company/jugru/blog/314224/,0.21214736447598587
https://habrahabr.ru/company/intel/blog/314282/,-0.25562576738425613
https://habrahabr.ru/post/314290/,-0.4045981364715381
https://geektimes.ru/post/282156/,0.10791721127121814
https://geektimes.ru/company/mailru/blog/282166/,0.3163788223705562
https://habrahabr.ru/post/314302/,0.33732795908383306
https://habrahabr.ru/post/314304/,-0.7623798482959893
https://habrahabr.ru/post/314308/,-0.4978158346571804
https://habrahabr.ru/post/314314/,-0.021250023375030902
https://geektimes.ru/post/282168/,-0.5399505858438294
https://geektimes.ru/post/282170/,1.2651452147929236
https://geektimes.ru/post/282172/,0.5261398920461315
https://geektimes.ru/post/282154/,0.11303704100211162
https://habrahabr.ru/post/314204/,0.5476879875398326
https://habrahabr.ru/company/simnetworks/blog/313750/,-0.6216880227442183
https://habrahabr.ru/company/moikrug/blog/314152/,-0.24025678589149924
https://habrahabr.ru/company/kingservers/blog/314338/,0.4558906271491312
https://habrahabr.ru/post/312340/,1.287481754590643
https://geektimes.ru/post/282174/,0.834967981271842
https://geektimes.ru/post/282088/,0.21871463639644229
https://habrahabr.ru/post/313644/,1.0203968119935185
https://habrahabr.ru/post/314342/,-1.3296441147767548
https://habrahabr.ru/company/croc/blog/314318/,0.1704113609460147
https://geektimes.ru/post/282766/,0.08105422134595028
https://habrahabr.ru/company/yota/blog/314256/,-0.6362130624188574
https://geektimes.ru/company/audiomania/blog/282182/,-0.4842664615888077
https://geektimes.ru/post/282184/,-0.34251767461018356
https://habrahabr.ru/company/vasexperts/blog/313560/,0.39881861479156666
https://habrahabr.ru/company/it-grad/blog/312044/,-1.0571196787083266
https://habrahabr.ru/company/cloud4y/blog/314334/,-0.03464352545806182
https://geektimes.ru/company/legoeducation/blog/282180/,-0.16711654744763366
https://geektimes.ru/company/pult/blog/282178/,0.06975359435891126
https://habrahabr.ru/company/huawei/blog/314008/,0.33913999766699604
https://habrahabr.ru/company/moex/blog/314348/,-0.5342694745052757
https://habrahabr.ru/company/jugru/blog/314346/,0.66773166061264
https://habrahabr.ru/post/314350/,0.7642389627179879
https://habrahabr.ru/company/gemaltorussia/blog/314352/,-0.4324866792840374
https://habrahabr.ru/post/314354/,-0.008473317744364106
https://habrahabr.ru/post/314356/,0.7790215594853389
https://habrahabr.ru/post/314358/,-1.615383197983466
https://habrahabr.ru/post/314360/,-0.939951621109023
https://habrahabr.ru/post/314362/,-0.47847006197511366
https://habrahabr.ru/company/mobio/blog/314370/,-1.510245887064777
https://habrahabr.ru/company/microsoft/blog/314368/,0.33953389523748195
https://geektimes.ru/post/282186/,1.177498742809469
https://habrahabr.ru/company/edison/blog/314294/,0.6235867972296326
https://habrahabr.ru/post/314372/,0.535364245985972
https://habrahabr.ru/company/acronis/blog/314276/,-0.9297503723560566
https://habrahabr.ru/company/pc-administrator/blog/314374/,0.4820929182892383
https://geektimes.ru/company/lenovo/blog/281630/,0.06290500775303931
https://geektimes.ru/post/282190/,-0.38805648153961414
https://habrahabr.ru/post/314264/,0.43923516722493444
https://geektimes.ru/post/282192/,-0.1953659272933841
https://geektimes.ru/post/282194/,0.20695834953183326
https://geektimes.ru/company/jd/blog/282196/,-0.13121717142325362
https://habrahabr.ru/company/dellemc/blog/314382/,-2.472697703359167
https://habrahabr.ru/post/314380/,-0.5955500274130118
https://geektimes.ru/post/282150/,-0.21370606237941026
https://geektimes.ru/post/282188/,-0.9394851763258215
https://habrahabr.ru/post/314384/,0.2115575874460914
https://geektimes.ru/company/top3dshop/blog/282208/,0.03227413070015761
https://habrahabr.ru/company/ibm/blog/314390/,-1.0538065488940709
https://habrahabr.ru/post/314394/,0.9870762170406208
https://geektimes.ru/company/dataart/blog/282214/,1.0193729209502544
https://habrahabr.ru/post/314400/,-0.16234981159264594
https://habrahabr.ru/post/314336/,0.949374453149234
https://geektimes.ru/company/hashflare/blog/282216/,0.28972979086581124
https://geektimes.ru/post/282218/,0.17728809997683775
https://habrahabr.ru/post/314084/,-0.6955535514433898
https://habrahabr.ru/post/314398/,-0.38927807214925947
https://habrahabr.ru/post/314404/,0.6960331677696094
https://geektimes.ru/post/282220/,-0.07838320088284323
https://geektimes.ru/post/282176/,0.9457545236531026
https://habrahabr.ru/post/314410/,0.71583719580014
https://habrahabr.ru/post/314328/,0.4424766709227325
https://geektimes.ru/post/282210/,-0.2972359569713553
https://habrahabr.ru/company/host-tracker/blog/314392/,0.019302519436157073
https://habrahabr.ru/post/313930/,0.4234082645712236
https://geektimes.ru/company/madrobots/blog/282232/,-0.17323181652042735
https://geektimes.ru/post/282234/,0.739775241245024
https://habrahabr.ru/company/eset/blog/314418/,-0.7009110162844497
https://habrahabr.ru/post/314412/,1.662304089765919
https://geektimes.ru/post/282236/,-0.19604256392758745
https://geektimes.ru/post/282238/,0.6074202615288194
https://geektimes.ru/post/282240/,-0.16827051895149137
https://habrahabr.ru/company/edison/blog/314424/,0.21883440513270827
https://geektimes.ru/post/282242/,0.4672430337153286
https://habrahabr.ru/company/kaspersky/blog/314434/,0.01822476570759346
https://geektimes.ru/post/282246/,-0.6438092223706793
https://geektimes.ru/company/pult/blog/282248/,0.12821390287100304
https://habrahabr.ru/post/314428/,0.22517872348986276
https://geektimes.ru/post/282250/,0.10144585771263212
https://habrahabr.ru/post/314454/,-0.03355851344567268
https://habrahabr.ru/company/kingservers/blog/314456/,-0.05214614188093697
https://habrahabr.ru/post/314324/,-0.29162588316395543
https://geektimes.ru/post/281918/,1.267526896829379
https://geektimes.ru/post/282244/,0.995080597169307
https://habrahabr.ru/post/314326/,-0.21731166766745458
https://geektimes.ru/post/282254/,0.36371068048235294
https://geektimes.ru/post/282252/,-0.2564819635856326
https://habrahabr.ru/post/314416/,0.6811132847669161
https://habrahabr.ru/post/314414/,0.9322923638091092
https://habrahabr.ru/post/314472/,0.42863056385258547
https://habrahabr.ru/company/eset/blog/314458/,-0.03819100427180999
https://habrahabr.ru/post/314220/,0.47477818012531425
https://habrahabr.ru/company/edison/blog/314460/,-0.3593738591722828
https://geektimes.ru/post/282256/,-0.5441815889333962
https://habrahabr.ru/post/314478/,-0.9819426265327459
https://geektimes.ru/post/282258/,0.9486194963848437
https://habrahabr.ru/post/314486/,0.8420050742322275
https://habrahabr.ru/post/314464/,1.3281637323233806
https://habrahabr.ru/company/comparex/blog/314450/,0.4203639274621062
https://habrahabr.ru/post/314492/,0.1604185907970594
https://geektimes.ru/post/282262/,0.7124890451500062
https://geektimes.ru/company/vertdider/blog/282260/,0.6056856578010685
https://habrahabr.ru/post/314496/,0.6332120040086548
https://geektimes.ru/post/282264/,0.12636780308051104
https://habrahabr.ru/post/314494/,0.3546867849625621
https://habrahabr.ru/post/314474/,0.8522382336744448
https://geektimes.ru/post/282266/,0.29101342068782077
https://geektimes.ru/post/282270/,1.045686145792655
https://habrahabr.ru/post/314510/,1.1511318365164258
https://habrahabr.ru/company/edison/blog/314432/,0.1538545560965646
https://habrahabr.ru/post/314518/,0.2220819296478794
https://habrahabr.ru/post/314522/,0.047861646524062496
https://habrahabr.ru/company/yandex/blog/314508/,1.7817241721709065
https://habrahabr.ru/post/314528/,-0.04829738508648451
https://geektimes.ru/post/282272/,-0.03985161320442587
https://geektimes.ru/post/282274/,0.7142267307984602
https://habrahabr.ru/post/314532/,0.3218426158991179
https://habrahabr.ru/post/314500/,0.42179239368204646
https://habrahabr.ru/post/314538/,0.1446017417150703
https://geektimes.ru/post/282278/,-0.658852019857627
https://geektimes.ru/post/282280/,0.46893470071955046
https://habrahabr.ru/post/314520/,0.8912965701305455
https://habrahabr.ru/post/314540/,1.1964666188886928
https://geektimes.ru/post/282018/,0.6879108484154586
https://habrahabr.ru/company/kingservers/blog/314542/,-1.001220901681413
https://habrahabr.ru/company/eset/blog/314476/,-0.07907117647291512
https://habrahabr.ru/post/314062/,1.4599748802870676
https://habrahabr.ru/company/zfort/blog/314552/,0.9574785530062384
https://habrahabr.ru/post/314554/,-0.33427066801318717
https://habrahabr.ru/post/314556/,-0.1939180092353593
https://geektimes.ru/post/282276/,1.3556954165161188
https://habrahabr.ru/company/smi2/blog/314558/,0.657632553431881
https://habrahabr.ru/post/314312/,1.6839394189199877
https://habrahabr.ru/post/313224/,1.0317579218905908
https://habrahabr.ru/company/yadro/blog/314364/,0.3490484433522828
https://habrahabr.ru/company/oleg-bunin/blog/314396/,-0.34705558576584894
https://habrahabr.ru/post/314448/,0.2185755628152118
https://habrahabr.ru/company/nixsolutions/blog/314422/,-1.0621537767076537
https://geektimes.ru/company/asus/blog/282204/,-1.0963046159641192
https://geektimes.ru/company/arttel/blog/282206/,0.30836562441796084
https://geektimes.ru/post/282288/,1.2337844740997326
https://habrahabr.ru/company/tcsbank/blog/312968/,0.2697574895942277
https://habrahabr.ru/post/314564/,-0.018752008959545763
https://habrahabr.ru/company/carrotquest/blog/314570/,-0.5130683285784725
https://habrahabr.ru/company/iptelefon/blog/314572/,-0.30579433937000866
https://habrahabr.ru/company/google/blog/310518/,0.341331908063253
https://geektimes.ru/post/282294/,0.598727881457731
https://habrahabr.ru/company/dellemc/blog/314578/,-0.25141049128819115
https://habrahabr.ru/company/edison/blog/314444/,0.12072041363425334
https://habrahabr.ru/company/surfingbird/blog/314580/,-0.4633015894129734
https://geektimes.ru/company/gearbest/blog/282298/,-0.1586163374446568
https://habrahabr.ru/post/314582/,0.31810254850343267
https://habrahabr.ru/company/jugru/blog/314524/,-0.4775727945219441
https://habrahabr.ru/company/microsoft/blog/314252/,-0.14527162665958349
https://geektimes.ru/post/282304/,-0.19525092778928022
https://habrahabr.ru/company/efo/blog/312898/,0.8183986296616804
https://geektimes.ru/company/mailru/blog/282292/,0.33561028422039874
https://geektimes.ru/company/lakhta_center/blog/282300/,0.03826770264769669
https://geektimes.ru/post/282306/,0.020054072168146142
https://geektimes.ru/post/282310/,-0.19382336658188792
https://geektimes.ru/company/atlasbiomed/blog/282308/,-0.11617506846721626
https://habrahabr.ru/post/314588/,0.3664061912403223
https://habrahabr.ru/post/314600/,-0.40897117612618017
https://geektimes.ru/company/comfortway/blog/282312/,-0.12322201721502085
https://habrahabr.ru/company/pvs-studio/blog/314602/,-1.55405392687398
https://habrahabr.ru/company/squadra-group/blog/314344/,0.2896998526851352
https://habrahabr.ru/post/314606/,0.539998830216437
https://habrahabr.ru/company/mailru/blog/314594/,-0.35299773153584113
https://habrahabr.ru/company/mipt/blog/314446/,0.2890969387152766
https://habrahabr.ru/company/vivaldi/blog/314610/,0.13323734674687018
https://habrahabr.ru/post/314604/,-0.23739211388926973
https://habrahabr.ru/company/ruvds/blog/314612/,-0.4040122359624809
https://geektimes.ru/company/waves/blog/282302/,-0.8254138144592896
https://geektimes.ru/post/282314/,-0.10723215018094923
https://geektimes.ru/post/282316/,-0.21390325969556467
https://geektimes.ru/post/282320/,0.09698456547532483
https://habrahabr.ru/post/314618/,0.16787226194168206
https://habrahabr.ru/post/314616/,-0.6521381717783293
https://habrahabr.ru/company/wunderfund/blog/314242/,1.2314246848864236
https://geektimes.ru/post/282318/,-0.15138660569203855
https://geektimes.ru/post/282322/,-0.8849786089661499
https://geektimes.ru/post/282326/,-1.3507943276564944
https://geektimes.ru/post/282328/,-0.5504743397785795
https://geektimes.ru/post/282332/,0.2232459965329021
https://geektimes.ru/post/282330/,0.4738442476890902
https://geektimes.ru/post/282336/,0.08648425461005863
https://habrahabr.ru/post/313924/,-0.02159451476524693
https://geektimes.ru/post/282284/,0.5090940680994513
https://geektimes.ru/post/282342/,0.7597790524983965
https://habrahabr.ru/post/314574/,1.0157786410928464
https://geektimes.ru/company/pochtoy/blog/282340/,0.1457843234282668
https://geektimes.ru/company/lamptest/blog/282344/,0.24612166153246262
https://geektimes.ru/post/282324/,0.941735099607003
https://geektimes.ru/post/282334/,0.03851475951379946
https://habrahabr.ru/post/314654/,0.5063934333938386
https://habrahabr.ru/company/oleg-bunin/blog/314442/,-0.31853512428044894
https://habrahabr.ru/company/edison/blog/312770/,-0.72709536471541
https://habrahabr.ru/company/pvs-studio/blog/314534/,0.1140610536271077
https://geektimes.ru/company/jd/blog/282198/,0.34865009083827514
https://habrahabr.ru/company/regberry/blog/314584/,0.015059666827308249
https://habrahabr.ru/company/it-grad/blog/314590/,0.21177508764496536
https://geektimes.ru/company/audiomania/blog/282296/,1.157003786877046
https://habrahabr.ru/post/313482/,0.22340302980664728
https://habrahabr.ru/post/314470/,0.5964540760223911
https://habrahabr.ru/company/pechkin/blog/314608/,-0.22916480737786116
https://habrahabr.ru/company/mailru/blog/314620/,0.45113934196883976
https://habrahabr.ru/company/mobio/blog/314660/,0.11330147991758796
https://habrahabr.ru/company/1cloud/blog/314586/,0.7163358165989064
https://habrahabr.ru/post/314658/,-1.1760915490886754
https://geektimes.ru/post/282368/,-0.7543931531071156
https://habrahabr.ru/post/314628/,0.12184396580159207
https://geektimes.ru/post/282366/,0.8395352494814046
https://habrahabr.ru/company/ultravds/blog/314664/,0.38064890651919203
https://habrahabr.ru/company/vasexperts/blog/313562/,0.2281565043962825
https://habrahabr.ru/company/panda/blog/314666/,0.4278009787049538
https://habrahabr.ru/post/314632/,-0.11502317719424726
https://habrahabr.ru/post/314624/,0.296400755446031
https://habrahabr.ru/post/314670/,-0.145930387803951
https://habrahabr.ru/post/314630/,0.26600095562591364
https://geektimes.ru/post/282372/,0.24792023950481568
https://habrahabr.ru/post/314462/,1.0130954165886283
https://habrahabr.ru/company/innopolis_university/blog/314696/,-0.3791727707325324
https://geektimes.ru/post/282370/,0.07000152833466469
https://habrahabr.ru/company/comparex/blog/314700/,-1.0505921127445497
https://habrahabr.ru/post/314702/,0.013412171797002825
https://geektimes.ru/company/mishiko/blog/282374/,0.12293387547342749
https://habrahabr.ru/company/smartprogress/blog/314566/,0.6705870146065661
https://geektimes.ru/post/282378/,-0.1620825748577679
https://habrahabr.ru/company/efo/blog/314192/,0.11135500830856018
https://geektimes.ru/post/282380/,0.8818720218491664
https://habrahabr.ru/post/314536/,0.4928995754554977
https://habrahabr.ru/company/geekbrains/blog/314708/,-0.6360962238093482
https://habrahabr.ru/post/314718/,0.7153802597302016
https://geektimes.ru/post/282384/,-0.0442291293486497
https://habrahabr.ru/post/314710/,-0.8738861331785622
https://habrahabr.ru/company/eset/blog/314722/,-0.709394572074345
https://geektimes.ru/company/rubetek/blog/282386/,0.6408991533856853
https://habrahabr.ru/company/mobileup/blog/314706/,0.545821981664436
https://geektimes.ru/company/atlasbiomed/blog/282390/,-0.3125401791703014
https://habrahabr.ru/company/kickidler/blog/314712/,0.055300210775613756
https://geektimes.ru/company/pocketbook/blog/282388/,-0.07346856157036968
https://geektimes.ru/post/282394/,-0.1945588448768354
https://habrahabr.ru/company/railsclub/blog/314732/,-1.0187207704932333
https://geektimes.ru/post/282396/,0.3572636000900271
https://habrahabr.ru/post/314744/,0.8059847502885411
https://geektimes.ru/company/pochtoy/blog/282398/,-0.6153003756466643
https://geektimes.ru/company/genotek/blog/282400/,0.7329676082641897
https://habrahabr.ru/post/314750/,-0.009280808708243549
https://geektimes.ru/post/282402/,-0.474073123901242
https://habrahabr.ru/company/kingservers/blog/314754/,-0.9542292326294338
https://habrahabr.ru/post/314756/,1.2144313679942664
https://geektimes.ru/post/282406/,-0.5938712182616149
https://geektimes.ru/post/282404/,0.7165456205129471
https://geektimes.ru/post/282408/,-0.42097996667903836
https://habrahabr.ru/post/314764/,-0.024341744447028357
https://habrahabr.ru/post/314766/,0.5894486072759041
https://habrahabr.ru/post/314768/,0.3425312831852459
https://habrahabr.ru/company/muk/blog/314770/,0.18295585397117065
https://habrahabr.ru/company/3cx/blog/314772/,-1.6955777599556328
https://habrahabr.ru/post/314726/,-0.18770845790609136
https://habrahabr.ru/post/314752/,1.188123896867507
https://habrahabr.ru/company/everydaytools/blog/314776/,-0.1633689107689682
https://habrahabr.ru/post/314650/,0.19889603297631114
https://habrahabr.ru/post/314778/,-0.594618163732583
https://habrahabr.ru/company/parallels/blog/314740/,-0.3556187913816745
https://habrahabr.ru/post/314490/,0.5928123923897824
https://geektimes.ru/company/audiomania/blog/282376/,0.024551452686782937
https://habrahabr.ru/company/pechkin/blog/314672/,-0.5579070754200521
https://habrahabr.ru/company/panda/blog/314782/,-0.3365857683252771
https://habrahabr.ru/company/dataline/blog/314730/,-0.31204071780287923
https://habrahabr.ru/company/it-grad/blog/314592/,-0.4694855354142423
https://habrahabr.ru/company/infowatch/blog/314784/,-0.4221176321185931
https://habrahabr.ru/post/314656/,1.5100837963478146
https://geektimes.ru/company/waves/blog/282346/,-0.7926462435977933
https://habrahabr.ru/company/testutor/blog/314724/,0.43357626621764905
https://habrahabr.ru/post/314790/,0.623869908019704
https://habrahabr.ru/post/314780/,-0.3088376726444013
https://habrahabr.ru/company/teamlab/blog/314716/,0.05573502566162314
https://habrahabr.ru/company/jugru/blog/314644/,0.25590173127755905
https://habrahabr.ru/post/314668/,1.2725993409453848
https://geektimes.ru/company/madrobots/blog/282286/,0.22654993176705712
https://habrahabr.ru/company/cbs/blog/314738/,0.7065212346857237
https://geektimes.ru/post/282410/,-0.06289417999640068
https://habrahabr.ru/company/moikrug/blog/314792/,-1.4806667441999735
https://habrahabr.ru/company/edison/blog/314652/,-0.26283849108035195
https://geektimes.ru/post/282414/,0.6162247834076631
https://habrahabr.ru/company/innopolis_university/blog/314800/,0.6014033751106915
https://geektimes.ru/post/282416/,-0.243826503156781
https://habrahabr.ru/post/314802/,0.6789094681834559
https://geektimes.ru/post/282420/,-0.3039863139374114
https://habrahabr.ru/company/mailru/blog/314804/,1.032526667408958
https://habrahabr.ru/company/intel/blog/314794/,0.11181312797274076
https://habrahabr.ru/company/polyglot/blog/314806/,-0.0026726828454680662
https://geektimes.ru/post/282418/,0.053740614085753924
https://habrahabr.ru/company/jetinfosystems/blog/314810/,0.00948013390919461
https://habrahabr.ru/post/314814/,0.5530855944891363
https://habrahabr.ru/post/314720/,-0.5000785148535768
https://geektimes.ru/post/282422/,-0.05550246785026319
https://habrahabr.ru/post/314820/,0.580400229489739
https://geektimes.ru/post/282426/,0.010247497372706194
https://habrahabr.ru/company/microsoft/blog/314822/,0.021055842685701154
https://habrahabr.ru/company/gvalg/blog/314824/,0.5970137094044949
https://geektimes.ru/post/282428/,0.16457569975571004
https://habrahabr.ru/company/JetBrains/blog/314826/,-0.29112031832180385
https://habrahabr.ru/post/314832/,-0.05370238716692499
https://habrahabr.ru/company/edison/blog/314550/,0.894856705742123
https://habrahabr.ru/post/314840/,0.593228040000181
https://geektimes.ru/post/282430/,0.3345057317468353
https://geektimes.ru/post/282432/,0.39371314652900247
https://habrahabr.ru/post/314848/,0.8502025772258441
https://habrahabr.ru/post/314850/,-1.4304186865737551
https://geektimes.ru/post/282436/,-0.5036852664300859
https://geektimes.ru/company/bvc_trade/blog/282434/,0.04064846247312154
https://geektimes.ru/post/282448/,0.4587988958478978
https://habrahabr.ru/company/abbyy/blog/314830/,-0.11715147552521427
https://habrahabr.ru/company/pt/blog/314856/,-0.05103562675603446
https://geektimes.ru/company/hashflare/blog/282438/,-0.17999907852360414
https://habrahabr.ru/post/314866/,0.19328137484620628
https://habrahabr.ru/post/314852/,0.6329418534245042
https://habrahabr.ru/company/jetinfosystems/blog/314874/,0.4843170581643359
https://habrahabr.ru/post/314876/,-0.7969700376096468
https://geektimes.ru/post/282442/,0.40027925346744064
https://habrahabr.ru/company/monandco/blog/314880/,-0.38437032106186464
https://habrahabr.ru/post/314818/,-1.007677009262554
https://habrahabr.ru/post/314882/,0.3358650080100253
https://habrahabr.ru/company/cloud4y/blog/314862/,0.5693896968718095
https://habrahabr.ru/post/314884/,-0.13125094454749653
https://habrahabr.ru/post/314086/,0.5521257092803677
https://habrahabr.ru/company/gemaltorussia/blog/314878/,0.311559081818831
https://habrahabr.ru/post/314892/,0.29551190702413827
https://habrahabr.ru/company/it-grad/blog/314596/,-0.5606138267602148
https://habrahabr.ru/company/amperka/blog/314894/,0.17052949276914248
https://habrahabr.ru/company/mailru/blog/314834/,0.3189826741900547
https://habrahabr.ru/company/AflexDistribution/blog/314900/,1.0599391819440818
https://habrahabr.ru/company/pc-administrator/blog/314902/,-0.01772532200171123
https://habrahabr.ru/post/314904/,-1.1352262688820263
https://habrahabr.ru/company/mobio/blog/314896/,-0.31042964722184496
https://habrahabr.ru/post/312322/,0.22849295177065365
https://habrahabr.ru/company/erlyvideo/blog/313832/,0.7242966065625213
https://habrahabr.ru/company/SECL_GROUP/blog/314906/,-0.15830470735524732
https://habrahabr.ru/post/314622/,0.3597930702445607
https://habrahabr.ru/company/ispsystem/blog/314886/,0.14297760920942326
https://habrahabr.ru/company/design/blog/314910/,-0.3388349073892425
https://habrahabr.ru/post/310784/,0.9438647738125491
https://habrahabr.ru/post/314912/,0.6803202045161298
https://geektimes.ru/post/282450/,0.04254594917882876
https://geektimes.ru/post/282456/,-0.4172302942979751
https://geektimes.ru/post/282458/,-0.0016232408495397976
https://habrahabr.ru/post/314916/,0.45107329709890914
https://habrahabr.ru/post/320324/,0.3328783089901154
https://habrahabr.ru/post/314918/,1.2868918643622818
https://habrahabr.ru/company/uteam/blog/314796/,-0.10636316623511505
https://habrahabr.ru/company/dsec/blog/314868/,0.010070236763692175
https://habrahabr.ru/company/google/blog/310510/,-0.2509301935274316
https://habrahabr.ru/company/eset/blog/314816/,-0.723967390372063
https://habrahabr.ru/post/314908/,-0.35581735218504984
https://habrahabr.ru/company/kaspersky/blog/314922/,-1.2206654182996974
https://habrahabr.ru/post/314888/,0.37595827637672324
https://habrahabr.ru/company/npl/blog/314926/,-0.09581496441090592
https://habrahabr.ru/post/314544/,-0.012440310324928094
https://geektimes.ru/post/282460/,-1.7476153284312814
https://habrahabr.ru/post/314932/,0.21445779319593064
https://habrahabr.ru/company/microsoft/blog/314934/,1.1438635573064095
https://geektimes.ru/company/gearbest/blog/282466/,-0.6351852722509824
https://habrahabr.ru/post/314930/,-0.48730896246242106
https://habrahabr.ru/company/kingservers/blog/314938/,-0.23223576926988254
https://habrahabr.ru/post/314924/,0.5451798494061944
https://geektimes.ru/company/kingston_technology/blog/281456/,-0.9265200800323327
https://geektimes.ru/company/pult/blog/282464/,0.055037123542221345
https://geektimes.ru/post/282468/,0.38454759875489564
https://geektimes.ru/post/282454/,0.12518645862890393
https://habrahabr.ru/post/314758/,0.09203572335498439
https://habrahabr.ru/post/314864/,-0.25258961994783324
https://habrahabr.ru/post/314944/,0.9554644776685975
https://habrahabr.ru/company/crossover/blog/314946/,-0.4334526165366621
https://habrahabr.ru/company/edison/blog/314940/,-0.195513960093738
https://habrahabr.ru/post/314762/,-0.6097346665789852
https://habrahabr.ru/post/314950/,0.1797996503911382
https://habrahabr.ru/post/314952/,0.42888319752952087
https://geektimes.ru/post/282470/,0.13403095042234517
https://habrahabr.ru/company/centosadmin/blog/314954/,0.1960519633253595
https://habrahabr.ru/post/314962/,0.4734815716624855
https://geektimes.ru/post/282290/,0.2409064507727141
https://habrahabr.ru/company/panda/blog/314964/,0.5456408774643329
https://habrahabr.ru/company/pvs-studio/blog/314968/,-0.39128632658647433
https://habrahabr.ru/company/fetchee/blog/314960/,0.3741526374862112
https://habrahabr.ru/company/Voximplant/blog/310684/,0.8265380057692784
https://geektimes.ru/company/audiomania/blog/282486/,0.8002759452363636
https://habrahabr.ru/post/314978/,0.03093991765822779
https://habrahabr.ru/company/1cloud/blog/314980/,-0.19299876423114382
https://geektimes.ru/post/282492/,-0.48456929395041193
https://habrahabr.ru/company/mailru/blog/314976/,-1.2158127088652568
https://habrahabr.ru/post/314986/,0.17478498029630846
https://habrahabr.ru/post/314994/,0.3135743142639539
https://geektimes.ru/company/comfortway/blog/282494/,-0.7564510350355372
https://habrahabr.ru/post/315000/,0.46760884636616856
https://habrahabr.ru/company/etagi/blog/315002/,0.9126317454911588
https://geektimes.ru/company/madrobots/blog/282474/,0.2826224237882081
https://habrahabr.ru/post/314974/,-0.44694064273507783
https://geektimes.ru/post/282496/,0.1749909432100761
https://habrahabr.ru/post/312694/,-0.22061310237959741
https://habrahabr.ru/post/314990/,0.8944698877341793
https://geektimes.ru/post/282502/,0.3548418500519536
https://habrahabr.ru/company/pechkin/blog/315004/,-0.3821782647265257
https://habrahabr.ru/post/315012/,0.4552364536335646
https://geektimes.ru/company/banderolka/blog/282476/,-0.8583770915595951
https://habrahabr.ru/post/315014/,0.4464965933087569
https://habrahabr.ru/company/edison/blog/315016/,0.3318198529070376
https://habrahabr.ru/post/315020/,0.43843357891978985
https://habrahabr.ru/post/314928/,-0.41467657313870754
https://habrahabr.ru/post/315024/,0.5064459089629149
https://habrahabr.ru/post/314984/,0.10825715932208127
https://geektimes.ru/company/top3dshop/blog/282504/,0.18731035500222484
https://habrahabr.ru/company/bizone/blog/315026/,-0.6412264916735793
https://geektimes.ru/company/intel/blog/282512/,0.3120520176192948
https://habrahabr.ru/company/mailru/blog/315034/,-0.7387955860227665
https://habrahabr.ru/post/315032/,0.965238807678547
https://geektimes.ru/post/282514/,0.3992853090279297
https://geektimes.ru/post/282508/,-0.2932086367002571
https://habrahabr.ru/company/plarium/blog/314996/,0.0783931760757294
https://habrahabr.ru/post/314306/,0.9502347462270991
https://habrahabr.ru/company/hpe/blog/315036/,-0.0255239212948713
https://geektimes.ru/company/eczobike/blog/282516/,0.26215723433913274
https://habrahabr.ru/post/315038/,0.0321751186699098
https://geektimes.ru/post/282518/,1.1360451699531922
https://habrahabr.ru/company/moikrug/blog/315040/,-1.5014859109050351
https://geektimes.ru/post/282522/,0.7674278197735378
https://habrahabr.ru/post/315048/,-0.16578713552696467
https://habrahabr.ru/company/kaspersky/blog/315052/,-0.15044187291232824
https://habrahabr.ru/post/315050/,0.3833506009849538
https://geektimes.ru/post/282524/,0.01957780448896751
https://habrahabr.ru/post/314956/,0.06573368445875483
https://habrahabr.ru/post/315054/,0.19657890254804894
https://habrahabr.ru/post/315056/,-0.16076221115435319
https://geektimes.ru/post/282338/,0.6775164568573444
https://geektimes.ru/post/282526/,-0.8760990272672765
https://habrahabr.ru/post/315018/,0.19498932878349678
https://geektimes.ru/post/282528/,0.3126403598554293
https://habrahabr.ru/post/312880/,1.3051379368575597
https://habrahabr.ru/post/315060/,-0.05267595103692424
https://geektimes.ru/post/282530/,0.4142864824948268
https://habrahabr.ru/post/315066/,0.2670572718854673
https://habrahabr.ru/post/314970/,0.7754312616893442
https://geektimes.ru/post/282520/,-0.31282643907603513
https://habrahabr.ru/post/315074/,0.532301121827089
https://habrahabr.ru/post/315078/,-1.2207293251735623
https://habrahabr.ru/company/edison/blog/315070/,0.6099412165064153
https://habrahabr.ru/post/315084/,-0.09179362217678111
https://habrahabr.ru/company/mailru/blog/315080/,1.1134947434208866
https://geektimes.ru/post/282534/,-0.19081812197872106
https://habrahabr.ru/post/315086/,0.5144210532301482
https://habrahabr.ru/company/nixsolutions/blog/314920/,-0.5565581057001963
https://habrahabr.ru/post/315098/,0.16077479042992526
https://habrahabr.ru/company/eset/blog/315100/,-0.5404548501279222
https://habrahabr.ru/post/315102/,1.2608877312711728
https://geektimes.ru/post/282542/,0.036264901248032
https://habrahabr.ru/post/315112/,0.5784980042871135
https://geektimes.ru/post/282548/,0.33737705971946336
https://habrahabr.ru/post/315116/,0.7892536674164956
https://habrahabr.ru/post/315114/,0.6919602095591735
https://habrahabr.ru/post/313898/,0.0813066608797823
https://habrahabr.ru/post/315118/,0.31450058633052624
https://habrahabr.ru/post/315120/,0.0012357915077219062
https://habrahabr.ru/company/infobox/blog/315076/,1.012961130185721
https://geektimes.ru/post/282462/,-0.5171454581532655
https://habrahabr.ru/company/edison/blog/315124/,-0.09908305950272467
https://habrahabr.ru/post/315126/,-1.2488534305138352
https://habrahabr.ru/post/315058/,-0.5644936105085985
https://habrahabr.ru/post/315130/,-0.051525219639433684
https://habrahabr.ru/post/315128/,0.3180176851717569
https://habrahabr.ru/post/315134/,0.6385330250183807
https://geektimes.ru/post/282552/,0.6335479448888575
https://geektimes.ru/post/282556/,0.052723285151969224
https://geektimes.ru/post/282558/,0.2801617142365323
https://habrahabr.ru/post/315144/,0.4078077181798576
https://habrahabr.ru/post/315108/,-0.9643250509215563
https://habrahabr.ru/post/315154/,-0.379437454904461
https://habrahabr.ru/post/315160/,0.8285410400422737
https://geektimes.ru/post/281374/,0.7697794828944401
https://habrahabr.ru/post/315156/,0.4103242570055389
https://habrahabr.ru/post/315164/,-0.020214264244271862
https://geektimes.ru/post/282560/,0.29729089890981353
https://habrahabr.ru/post/315168/,-0.3149745326673127
https://habrahabr.ru/company/kingservers/blog/315176/,-0.01609432437371705
https://habrahabr.ru/company/zfort/blog/315178/,0.764269114359936
https://habrahabr.ru/post/315170/,-0.4430399498157733
https://habrahabr.ru/company/zfort/blog/315180/,0.8997538784786704
https://habrahabr.ru/company/edison/blog/315132/,0.2897364293338909
https://geektimes.ru/post/282574/,0.2602012654596491
https://geektimes.ru/post/282226/,-0.005292185746523015
https://geektimes.ru/post/282562/,0.24814350946698885
https://habrahabr.ru/post/315186/,0.2642749673643345
https://geektimes.ru/post/282546/,-0.05577081482044194
https://habrahabr.ru/post/315166/,1.3434807076612074
https://geektimes.ru/post/282554/,1.2399731398262657
https://habrahabr.ru/post/315190/,0.2312246769985999
https://habrahabr.ru/post/315136/,-0.06477838753271653
https://habrahabr.ru/company/mosigra/blog/315188/,0.3263228859809057
https://geektimes.ru/company/intel/blog/282500/,-0.35853792494754877
https://habrahabr.ru/post/315192/,-0.05626963890992387
https://habrahabr.ru/company/simbirsoft/blog/315194/,-0.49073642017802177
https://geektimes.ru/company/asus/blog/282564/,0.03859363382230441
https://habrahabr.ru/post/315200/,0.4563522288714934
https://habrahabr.ru/company/google/blog/310486/,0.9370396757448086
https://geektimes.ru/company/audiomania/blog/282578/,0.7752734137412194
https://habrahabr.ru/company/fujitsu/blog/315202/,0.24111323525531897
https://habrahabr.ru/post/315204/,0.2940088089192955
https://habrahabr.ru/company/muk/blog/315184/,-0.8117144934107591
https://habrahabr.ru/post/315046/,0.9327824287171186
https://habrahabr.ru/post/315208/,-0.3758325630718897
https://habrahabr.ru/company/tapki/blog/313962/,0.23102218635378396
https://geektimes.ru/company/ibm/blog/282580/,-1.3628212827670865
https://habrahabr.ru/company/simnetworks/blog/314972/,-0.07393746498677473
https://habrahabr.ru/post/315212/,-0.7306380440352781
https://habrahabr.ru/post/315210/,0.28284327196622777
https://geektimes.ru/post/282536/,-0.04390845050372777
https://habrahabr.ru/post/315216/,1.2124719836293152
https://habrahabr.ru/company/vasexperts/blog/315006/,-0.003092403214773387
https://geektimes.ru/post/282586/,-0.10363928843337628
https://habrahabr.ru/company/ruvds/blog/315220/,0.7434082728143887
https://habrahabr.ru/company/eset/blog/315224/,-0.6331704172339049
https://habrahabr.ru/company/jetinfosystems/blog/315226/,0.3289483339120148
https://geektimes.ru/company/kingston_technology/blog/282488/,-0.6015344093955118
https://habrahabr.ru/company/ecwid/blog/315228/,-0.05987512579779947
https://habrahabr.ru/company/1cloud/blog/315230/,0.5793334820342357
https://habrahabr.ru/company/pvs-studio/blog/315232/,0.18979578682327777
https://habrahabr.ru/post/314958/,0.05908593338106466
https://habrahabr.ru/company/moikrug/blog/315234/,-1.4960602533132783
https://habrahabr.ru/company/intersystems/blog/314774/,0.18666599251374713
https://habrahabr.ru/post/315236/,0.7025311855154545
https://geektimes.ru/company/piter/blog/282590/,-0.367336239091836
https://habrahabr.ru/post/315028/,1.7505263513076406
https://habrahabr.ru/company/mailru/blog/314942/,-1.1836839942222488
https://geektimes.ru/company/mailru/blog/282588/,0.3840496347554522
https://habrahabr.ru/post/315242/,-0.1581433726048912
https://habrahabr.ru/company/miip/blog/315206/,0.4272999014090001
https://geektimes.ru/post/282592/,-0.4179373936268932
https://habrahabr.ru/company/JetBrains/blog/315244/,-0.6132287773167749
https://habrahabr.ru/post/315246/,0.8094312217324544
https://geektimes.ru/post/282594/,0.4500621616890964
https://geektimes.ru/post/282596/,0.4945404522794574
https://habrahabr.ru/post/315254/,0.10835461858698761
https://geektimes.ru/post/282598/,-0.1480058211942593
https://habrahabr.ru/post/315256/,1.3502447241090687
https://habrahabr.ru/company/edison/blog/315150/,0.7684781189084435
https://habrahabr.ru/post/315142/,1.0322882745337423
https://habrahabr.ru/post/315260/,0.21237583745525127
https://geektimes.ru/company/top3dshop/blog/282600/,0.42247779499493887
https://habrahabr.ru/company/wunderfund/blog/314872/,1.5086709766463264
https://habrahabr.ru/post/315264/,0.5608450016686691
https://geektimes.ru/post/282602/,-0.6072707995319432
https://habrahabr.ru/post/315270/,-0.27392650228415427
https://geektimes.ru/post/282582/,-0.05408221091135307
https://geektimes.ru/company/flprog/blog/282608/,1.1878311092329978
https://geektimes.ru/post/282228/,0.9856131561389142
https://habrahabr.ru/post/315280/,0.5751228833915198
https://habrahabr.ru/post/315282/,-0.956723191545012
https://habrahabr.ru/company/smartprogress/blog/315106/,0.8840908260954137
https://habrahabr.ru/post/315252/,0.31041011082799963
https://habrahabr.ru/post/315284/,-0.580731205290625
https://habrahabr.ru/company/panda/blog/315286/,0.5019801842621453
https://habrahabr.ru/company/icl_services/blog/315288/,-0.6000079243271061
https://habrahabr.ru/post/315294/,0.8521959461321248
https://habrahabr.ru/company/nixsolutions/blog/315218/,-1.5892078761592305
https://geektimes.ru/post/282610/,0.8013624483076143
https://geektimes.ru/company/pult/blog/282606/,0.3069472822488332
https://habrahabr.ru/post/315300/,0.6628898634053871
https://habrahabr.ru/company/pechkin/blog/315302/,-0.49512450832102217
https://habrahabr.ru/company/onebox/blog/315304/,0.32523978644147244
https://geektimes.ru/company/banderolka/blog/282604/,-0.2543916955393605
https://habrahabr.ru/company/microsoft/blog/315248/,-0.917301972070801
https://habrahabr.ru/post/315320/,0.2172708981760369
https://habrahabr.ru/company/piter/blog/314562/,1.1357009759978425
https://habrahabr.ru/company/mobio/blog/315306/,-0.5818683943238447
https://geektimes.ru/company/madrobots/blog/282612/,-0.3978534083521089
https://habrahabr.ru/company/infopulse/blog/315172/,0.726211098347937
https://habrahabr.ru/company/hosting-cafe/blog/315278/,0.4120554615969131
https://habrahabr.ru/company/mailru/blog/315318/,-0.2309114995937308
https://habrahabr.ru/company/kaspersky/blog/315326/,1.42936651234558
https://habrahabr.ru/post/313416/,0.14726757498743806
https://habrahabr.ru/company/livetyping/blog/312294/,0.19297684113765573
https://habrahabr.ru/company/carrotquest/blog/315328/,0.22533799206151023
https://habrahabr.ru/post/315330/,-0.5156058346839784
https://habrahabr.ru/post/315332/,0.1113507273875457
https://geektimes.ru/company/jd/blog/282200/,-0.4563723663340875
https://geektimes.ru/post/282616/,-0.304770839262655
https://habrahabr.ru/company/jugru/blog/315240/,-0.20966643866755552
https://geektimes.ru/post/282618/,0.7608596043285598
https://habrahabr.ru/post/315334/,1.1420162730077514
https://habrahabr.ru/company/bizone/blog/315338/,-0.62564534931312
https://geektimes.ru/company/lakhta_center/blog/282584/,0.06269566293754725
https://habrahabr.ru/post/315340/,0.851985195384505
https://habrahabr.ru/company/megafon/blog/314240/,-0.013460856942248078
https://geektimes.ru/post/282614/,0.9309825346851311
https://habrahabr.ru/post/315344/,-0.12909676406351117
https://geektimes.ru/post/282620/,-0.4804586239641645
https://habrahabr.ru/company/remo/blog/315348/,0.3951332977111557
https://geektimes.ru/post/282624/,-0.9716752788734532
https://habrahabr.ru/company/edison/blog/315140/,1.1735685198808148
https://habrahabr.ru/post/315350/,1.2242285010435086
https://habrahabr.ru/company/kickidler/blog/315336/,-0.3197159645873878
https://geektimes.ru/post/282626/,-0.12989621818397667
https://geektimes.ru/post/282632/,-0.14515856781565362
https://geektimes.ru/post/282634/,1.4316209800243334
https://habrahabr.ru/post/315356/,0.6658699294074574
https://habrahabr.ru/company/pt/blog/315362/,0.5399171471972131
https://geektimes.ru/post/282636/,1.0034538451163304
https://geektimes.ru/company/bvc_trade/blog/282622/,-0.4360094402734569
https://habrahabr.ru/company/3cx/blog/315370/,-0.4985749988228606
https://geektimes.ru/company/genotek/blog/282642/,-0.15974056056647912
https://geektimes.ru/post/282646/,0.9810062244807648
https://geektimes.ru/post/282638/,-0.022090469805019164
https://geektimes.ru/post/282510/,0.06338939625002599
https://habrahabr.ru/post/315382/,0.5406052441823063
https://geektimes.ru/post/282224/,0.10929987526339657
https://habrahabr.ru/post/315358/,-0.9222880545304549
https://geektimes.ru/post/282644/,0.948546653542643
https://habrahabr.ru/post/314514/,0.9651578897120967
https://habrahabr.ru/company/redmadrobot/blog/314104/,0.4661542193784584
https://habrahabr.ru/company/edison/blog/315388/,-0.2202972419464898
https://habrahabr.ru/post/314898/,0.22670712774294383
https://habrahabr.ru/post/314512/,0.5942928763786175
https://habrahabr.ru/company/pc-administrator/blog/315368/,0.2104714051403438
https://habrahabr.ru/post/315352/,-0.2120850663625654
https://geektimes.ru/company/atlasbiomed/blog/282650/,-0.5600111017585864
https://geektimes.ru/company/makeitlab/blog/280750/,-0.03040105529924847
https://habrahabr.ru/company/alconost/blog/313700/,0.6469624423208631
https://habrahabr.ru/company/parallels/blog/315394/,-0.02828495641019735
https://geektimes.ru/post/282452/,-0.5432254349088306
https://habrahabr.ru/company/simbirsoft/blog/315342/,0.03291895288729191
https://habrahabr.ru/company/testutor/blog/315400/,0.2060101334753169
https://geektimes.ru/post/282640/,0.13930542547850885
https://habrahabr.ru/post/315384/,-0.3662622080034248
https://geektimes.ru/post/282628/,-0.34876583283505247
https://habrahabr.ru/company/it-grad/blog/315310/,-0.9303492141626054
https://geektimes.ru/post/282652/,0.08447097566397177
https://geektimes.ru/post/282648/,0.23799123717303905
https://habrahabr.ru/company/mailru/blog/315196/,0.9810223938532434
https://habrahabr.ru/company/kaspersky/blog/315404/,-0.6658418515308405
https://habrahabr.ru/post/315376/,-0.13055431430990055
https://habrahabr.ru/company/defconru/blog/314842/,0.027271727489997843
https://geektimes.ru/company/top3dshop/blog/282630/,-0.05600652804862716
https://habrahabr.ru/post/315030/,-0.10145743854023748
https://habrahabr.ru/company/microsoft/blog/315324/,-1.6307575867042519
https://habrahabr.ru/post/315408/,-1.5557680123745068
https://geektimes.ru/post/282674/,-0.6064195777787467
https://habrahabr.ru/post/315410/,0.2727967247978817
https://habrahabr.ru/post/313590/,0.5725122590315058
https://habrahabr.ru/post/315416/,0.1600142081356155
https://habrahabr.ru/post/315418/,-0.13266675477830014
https://habrahabr.ru/company/pvs-studio/blog/315422/,-0.40718176069849854
https://habrahabr.ru/company/makeright/blog/315298/,-0.5443112700892739
https://habrahabr.ru/post/315424/,1.5815117526456564
https://geektimes.ru/post/282676/,-0.16842620292975247
https://geektimes.ru/company/mailru/blog/282678/,0.09462008556485799
https://geektimes.ru/post/282680/,0.8134601263800865
https://habrahabr.ru/post/315430/,1.0634524243897716
https://geektimes.ru/company/pochtoy/blog/282566/,-0.5846491221307909
https://geektimes.ru/company/wirex/blog/281118/,0.17686993945932358
https://habrahabr.ru/company/veeam/blog/315432/,-0.9821793472192334
https://habrahabr.ru/company/microsoft/blog/315434/,-0.5356569381690728
https://geektimes.ru/post/282682/,-0.19600613104269282
https://geektimes.ru/post/282684/,0.7580854854818113
https://geektimes.ru/post/282686/,0.9475318666561077
https://geektimes.ru/post/282688/,-1.0659422410762258
https://habrahabr.ru/post/315440/,-0.24733133069162028
https://habrahabr.ru/post/315442/,0.9204851694040745
https://habrahabr.ru/company/web_payment_ru/blog/313294/,0.32693228966212445
https://geektimes.ru/post/282690/,-0.03823304733740207
https://geektimes.ru/company/waves/blog/282692/,0.034489957763287726
https://habrahabr.ru/post/315148/,0.33345245302227566
https://habrahabr.ru/company/softmart/blog/315448/,0.24206506027007885
https://geektimes.ru/post/282694/,-0.0892210021267818
https://habrahabr.ru/post/315452/,-1.3369357363358718
https://habrahabr.ru/post/254397/,0.4314219995198228
https://habrahabr.ru/company/microsoft/blog/315444/,-0.6599689194265878
https://habrahabr.ru/post/315152/,0.6316097659637283
https://habrahabr.ru/company/kingservers/blog/315458/,-0.02802086159517192
https://geektimes.ru/post/282698/,-0.607770336376929
https://habrahabr.ru/company/simnetworks/blog/315402/,0.2609547945571437
https://geektimes.ru/post/282576/,0.7946078582080931
https://habrahabr.ru/company/okdesk/blog/315366/,-0.19536589711133812
https://habrahabr.ru/company/mosigra/blog/315462/,-0.6018940446474413
https://habrahabr.ru/company/everydaytools/blog/315406/,0.14533337473823846
https://habrahabr.ru/company/yota/blog/315436/,0.3289072051573339
https://habrahabr.ru/post/315466/,1.250120390364012
https://habrahabr.ru/company/1c/blog/315414/,0.3385439272728039
https://habrahabr.ru/company/gemaltorussia/blog/315222/,-0.950112995885169
https://geektimes.ru/post/282700/,-0.035837205540559025
https://geektimes.ru/company/dadget/blog/282032/,0.7559606395058122
https://habrahabr.ru/company/centosadmin/blog/315468/,0.17197093442482064
https://habrahabr.ru/company/smartprogress/blog/315428/,-0.5455585947293368
https://geektimes.ru/company/payonline/blog/282654/,1.0209703470613092
https://habrahabr.ru/company/payonline/blog/312388/,-1.252509528155949
https://habrahabr.ru/post/315478/,0.7213864971470438
https://habrahabr.ru/company/cloud4y/blog/315460/,0.07648729315541175
https://habrahabr.ru/company/softline/blog/315474/,0.11643696145151569
https://habrahabr.ru/company/dataline/blog/315472/,0.5033953661945518
https://habrahabr.ru/company/regberry/blog/315390/,0.48694864978828495
https://habrahabr.ru/post/315470/,0.2513768432119545
https://habrahabr.ru/company/edison/blog/315360/,0.4580478205594215
https://geektimes.ru/post/282702/,1.1633431664119918
https://habrahabr.ru/post/315378/,0.8417714167487201
https://geektimes.ru/post/282708/,-0.7214780128638795
https://geektimes.ru/post/282710/,0.7406607127278677
https://habrahabr.ru/post/315486/,-0.27725483184744437
https://geektimes.ru/post/282712/,-0.602713553933451
https://habrahabr.ru/company/bitrix/blog/315484/,0.6434958023089623
https://geektimes.ru/company/ibm/blog/282714/,-0.7081227947444028
https://habrahabr.ru/company/comparex/blog/315492/,-0.5738000460223204
https://geektimes.ru/company/madrobots/blog/282718/,-0.5697612685036414
https://geektimes.ru/post/282716/,0.29395538783323627
https://habrahabr.ru/post/315500/,-0.14570172842918216
https://geektimes.ru/post/282472/,-0.34023410007158816
https://habrahabr.ru/company/kaspersky/blog/315502/,-0.9307247877360295
https://habrahabr.ru/post/315504/,-0.5404109604365436
https://habrahabr.ru/post/315506/,0.5551613697984623
https://geektimes.ru/post/282724/,-0.5335772941807557
https://habrahabr.ru/company/mailru/blog/315508/,-1.016321724301326
https://habrahabr.ru/post/315516/,-0.5800980819987214
https://habrahabr.ru/company/reactos/blog/315518/,-1.1661357666342105
https://habrahabr.ru/post/315488/,0.7894153182397545
https://geektimes.ru/post/282726/,0.03842638171727203
https://habrahabr.ru/post/315524/,-0.09172624979621119
https://habrahabr.ru/post/315266/,0.02034683059836706
https://geektimes.ru/post/282728/,-0.16415657569927605
https://habrahabr.ru/post/315530/,-0.5100431464503927
https://geektimes.ru/post/282736/,-1.5845649509762776
https://habrahabr.ru/post/315258/,0.15338710646543843
https://geektimes.ru/post/282734/,0.08174637727431269
https://habrahabr.ru/company/pt/blog/315540/,-0.28213315716588405
https://habrahabr.ru/post/314332/,0.6254962721492694
https://geektimes.ru/post/282740/,1.4368693116832838
https://habrahabr.ru/company/trinion/blog/315538/,-0.007641292104138109
https://habrahabr.ru/post/315544/,-0.14599195349142796
https://habrahabr.ru/post/315346/,0.06747544747657319
https://habrahabr.ru/company/smmframe/blog/315532/,0.7329866050680041
https://habrahabr.ru/company/edison/blog/315548/,0.032381642600477656
https://geektimes.ru/post/282732/,-0.42492728462450347
https://habrahabr.ru/company/surprise_me/blog/315552/,0.3864536530390969
https://geektimes.ru/post/282742/,0.288758879016376
https://geektimes.ru/post/282230/,0.7011161446431695
https://geektimes.ru/company/epson/blog/282704/,0.20216184145917887
https://habrahabr.ru/post/315490/,1.3650374566834516
https://habrahabr.ru/post/315268/,0.22382664772972674
https://geektimes.ru/company/top3dshop/blog/282748/,0.15968620027800456
https://habrahabr.ru/company/croc/blog/315562/,0.9711382039806832
https://habrahabr.ru/post/315564/,-0.0382704053932606
https://geektimes.ru/post/282282/,2.014035105367788
https://habrahabr.ru/company/google/blog/310522/,0.25332193991258933
https://geektimes.ru/company/pult/blog/282746/,-0.1284135387555394
https://habrahabr.ru/company/eastbanctech/blog/315558/,0.3312433775555987
https://habrahabr.ru/post/314992/,-0.4378605245440378
https://habrahabr.ru/post/315566/,-0.041823212166474444
https://habrahabr.ru/company/panda/blog/315574/,-0.17606252520004156
https://habrahabr.ru/post/315576/,0.1490351848164847
https://habrahabr.ru/post/315420/,0.17515069623490268
https://habrahabr.ru/company/ruvds/blog/315572/,0.5309688140854485
https://habrahabr.ru/post/315554/,0.21040040340355978
https://geektimes.ru/company/banderolka/blog/282744/,0.2796271678148576
https://habrahabr.ru/post/315570/,-0.35126669137784794
https://habrahabr.ru/company/wrike/blog/315580/,0.3488634069323215
https://habrahabr.ru/company/microsoft/blog/315578/,0.5966753821245327
https://habrahabr.ru/company/intel/blog/315582/,0.08293685853706337
https://geektimes.ru/post/282752/,0.37275584621569324
https://habrahabr.ru/post/315588/,0.33380590171033675
https://geektimes.ru/company/ukit/blog/282738/,0.482166951493601
https://habrahabr.ru/company/uteam/blog/315542/,0.5207542781475457
https://geektimes.ru/post/282756/,0.3407694395794599
https://habrahabr.ru/post/315586/,-0.07235219378975744
https://geektimes.ru/post/282754/,0.083740430236416
https://geektimes.ru/company/dell/blog/282550/,0.06099919042579882
https://geektimes.ru/post/282760/,0.060903997559107026
https://geektimes.ru/post/282762/,0.05773304093237086
https://habrahabr.ru/post/315594/,0.39276128945455635
https://habrahabr.ru/company/npl/blog/315598/,0.31538708233024226
https://habrahabr.ru/company/centosadmin/blog/315596/,-0.30378789974219
https://habrahabr.ru/company/pvs-studio/blog/315600/,-0.04726613987105582
https://geektimes.ru/post/282758/,0.5586209454825539
https://geektimes.ru/company/gearbest/blog/282764/,0.0978515473028907
https://habrahabr.ru/post/315602/,-0.47739868419917963
https://habrahabr.ru/company/at_consulting/blog/315604/,-0.22380492207520952
https://habrahabr.ru/post/315608/,-0.05052291231322881
https://geektimes.ru/post/282768/,0.4867344562178101
https://habrahabr.ru/company/kaspersky/blog/315610/,-0.12063875587548595
https://habrahabr.ru/post/315612/,1.042436868396381
https://geektimes.ru/post/282770/,0.5662200756833864
https://habrahabr.ru/company/dataart/blog/315614/,0.37601833963403336
https://geektimes.ru/post/282772/,0.20762158578018308
https://habrahabr.ru/post/315630/,1.0316871707042268
https://habrahabr.ru/company/kingservers/blog/315640/,0.19515420883152015
https://habrahabr.ru/post/315450/,-0.3001438039860945
https://geektimes.ru/post/282774/,0.5469303966121998
https://habrahabr.ru/post/315592/,0.6967892914110692
https://habrahabr.ru/post/315654/,1.648094813968684
https://habrahabr.ru/company/edison/blog/315642/,0.5352590487643446
https://habrahabr.ru/company/planado/blog/315656/,-0.8310962406771355
https://geektimes.ru/post/282782/,1.5520436935140665
https://habrahabr.ru/post/315658/,1.0231135731750867
https://habrahabr.ru/post/315660/,0.7110696417801019
https://geektimes.ru/post/282786/,-0.41273831646351855
https://geektimes.ru/post/282788/,0.5115488961390275
https://habrahabr.ru/post/314408/,0.3352975567423259
https://habrahabr.ru/post/315664/,0.28185375131791635
https://geektimes.ru/post/282792/,0.13783526011100827
https://habrahabr.ru/company/mobileup/blog/314838/,0.3677011173525948
https://geektimes.ru/post/280946/,0.8103190692355726
https://habrahabr.ru/company/edison/blog/315668/,0.4992331225961404
https://geektimes.ru/post/282798/,-0.014914512726645901
https://habrahabr.ru/post/315672/,-1.68284574265022
https://geektimes.ru/post/282794/,-0.5167209112743743
https://geektimes.ru/post/282800/,-0.263664913620135
https://habrahabr.ru/company/gotech_vc/blog/315674/,-1.4641837041300136
https://geektimes.ru/post/282802/,0.20425986747353284
https://habrahabr.ru/post/315676/,1.3086758690886926
https://geektimes.ru/post/282776/,0.21766209441396958
https://habrahabr.ru/post/315534/,0.6355085126452793
https://habrahabr.ru/post/315678/,0.6596659457154559
https://geektimes.ru/post/282804/,-0.8020676317045577
https://habrahabr.ru/post/315682/,0.3365419189308678
https://geektimes.ru/post/282796/,0.23045925597310324
https://habrahabr.ru/post/315480/,0.8178818225362916
https://habrahabr.ru/company/yandex/blog/315138/,1.064142002685284
https://geektimes.ru/post/282810/,0.1287650965885906
https://geektimes.ru/post/282812/,-0.8164314390491653
https://geektimes.ru/post/282784/,-0.1346669814138174
https://geektimes.ru/post/282814/,1.1353002478743848
https://habrahabr.ru/post/315694/,0.5028746143738141
https://habrahabr.ru/company/jugru/blog/315632/,0.20353717411064637
https://habrahabr.ru/company/zfort/blog/315700/,0.8169074567488342
https://habrahabr.ru/company/3cx/blog/315702/,-1.5950515092430706
https://geektimes.ru/post/282818/,0.001459015027165167
https://habrahabr.ru/company/kingservers/blog/315708/,-0.30254559725374763
https://geektimes.ru/post/262326/,-0.11054904401041915
https://habrahabr.ru/post/315666/,0.9173691721360465
https://geektimes.ru/company/pult/blog/282820/,0.9080520349571297
https://geektimes.ru/post/282806/,0.41622280482664503
https://habrahabr.ru/post/315182/,0.05067547434228692
https://habrahabr.ru/post/315374/,-0.13531309928732344
https://habrahabr.ru/company/edison/blog/315688/,0.2368475096165587
https://habrahabr.ru/company/centosadmin/blog/315706/,1.0821752820250319
https://habrahabr.ru/company/smartprogress/blog/315510/,0.4806803697317049
https://habrahabr.ru/post/315514/,0.03561814258334106
https://habrahabr.ru/post/315712/,1.076342523247336
https://habrahabr.ru/company/pc-administrator/blog/315710/,0.1957777460642271
https://geektimes.ru/company/lakhta_center/blog/282506/,0.4672336572536252
https://habrahabr.ru/post/315716/,0.974969441696874
https://geektimes.ru/post/282816/,0.9102285777541204
https://habrahabr.ru/post/315718/,0.48932936970226315
https://geektimes.ru/company/pochtoy/blog/282822/,-0.7633908566119897
https://habrahabr.ru/company/virtuozzo/blog/315722/,0.27505568766780114
https://geektimes.ru/company/arttel/blog/282778/,-0.15979226417289571
https://habrahabr.ru/post/315618/,-0.2977525485036937
https://geektimes.ru/company/top3dshop/blog/282720/,-0.1934413982262836
https://habrahabr.ru/company/Voximplant/blog/315720/,-0.4033075648761866
https://habrahabr.ru/company/it-grad/blog/315312/,-0.4029405211053466
https://geektimes.ru/post/282824/,0.6548509971099422
https://habrahabr.ru/post/315726/,-0.4233481814681124
https://habrahabr.ru/company/SECL_GROUP/blog/315734/,0.2185231376553583
https://habrahabr.ru/company/mailru/blog/314168/,0.7508830726019025
https://habrahabr.ru/post/315738/,1.3115066086751215
https://geektimes.ru/post/282826/,-0.09463688445306301
https://habrahabr.ru/post/315146/,0.9210348006375985
https://geektimes.ru/post/282828/,-0.9382991269175923
https://habrahabr.ru/company/JetBrains/blog/315652/,-0.27583251204029613
https://habrahabr.ru/company/eset/blog/315744/,-0.5528884782541676
https://habrahabr.ru/company/spbifmo/blog/315750/,0.12981055057594348
https://habrahabr.ru/company/wrike/blog/315732/,-0.41774449856932483
https://habrahabr.ru/company/infowatch/blog/315760/,0.4492559151387044
https://habrahabr.ru/company/ibm/blog/315762/,-1.2790418552499276
https://geektimes.ru/post/282836/,-0.02380850314601335
https://geektimes.ru/post/282838/,1.0186446417731907
https://habrahabr.ru/company/1cloud/blog/315758/,0.47101093303917707
https://geektimes.ru/post/282832/,0.6884672025807546
https://habrahabr.ru/company/ruvds/blog/315766/,0.41002130416980676
https://habrahabr.ru/post/314296/,0.6381179136803992
https://habrahabr.ru/post/315770/,0.4994314714400704
https://geektimes.ru/post/282844/,0.9810836371488202
https://geektimes.ru/post/282840/,-0.031936770066898656
https://habrahabr.ru/company/jugru/blog/315772/,0.07984542735705441
https://habrahabr.ru/post/315648/,0.05260001687913385
https://geektimes.ru/post/282834/,0.05437697658168478
https://habrahabr.ru/post/315782/,0.47555024031148235
https://habrahabr.ru/post/315756/,0.35892313370840967
https://geektimes.ru/company/pocketbook/blog/282846/,0.34533859621029134
https://geektimes.ru/company/lamptest/blog/282848/,0.9118968751548376
https://geektimes.ru/company/hashflare/blog/282850/,0.21864256890520073
https://geektimes.ru/post/282854/,0.31323638122080516
https://geektimes.ru/post/282856/,0.4960015116291003
https://habrahabr.ru/post/315792/,0.3207267687813427
https://habrahabr.ru/post/315794/,-0.19330935646661174
https://geektimes.ru/post/282780/,0.027152437228495196
https://habrahabr.ru/post/311560/,1.245135547741673
https://habrahabr.ru/post/315800/,0.5646692055895739
https://geektimes.ru/company/dadget/blog/282730/,1.3703958578074547
https://habrahabr.ru/company/neuronspace/blog/306520/,0.5804557271196364
https://habrahabr.ru/post/315752/,-0.7930152767752731
https://habrahabr.ru/company/parallels/blog/315730/,0.2672269313727241
https://habrahabr.ru/post/315526/,0.4392996720567325
https://habrahabr.ru/post/315788/,0.7490840393264522
https://habrahabr.ru/company/solarstaff/blog/315482/,-0.018083913465533785
https://habrahabr.ru/company/vivaldi/blog/315798/,-0.3882354083364825
https://geektimes.ru/post/282808/,-1.0695274824518095
https://habrahabr.ru/post/313996/,-0.14243968217423686
https://habrahabr.ru/post/315736/,0.9976504929572005
https://habrahabr.ru/post/315804/,0.14786702812598407
https://habrahabr.ru/company/mailru/blog/315778/,-0.6570687586743557
https://habrahabr.ru/company/moikrug/blog/315810/,-1.3948052493892353
https://habrahabr.ru/company/piter/blog/315808/,0.7415127538293409
https://geektimes.ru/company/piter/blog/282830/,0.9451813348617834
https://habrahabr.ru/post/315816/,0.4447673456965484
https://habrahabr.ru/company/pt/blog/315818/,0.8749081082074879
https://habrahabr.ru/company/vasexperts/blog/315008/,0.42695499725055724
https://habrahabr.ru/company/surfingbird/blog/315820/,-1.8021662519335693
https://geektimes.ru/company/tion/blog/282860/,0.5281055506134764
https://habrahabr.ru/company/regberry/blog/315796/,0.48147677477594786
https://habrahabr.ru/company/pvs-studio/blog/315824/,-0.20682184037753482
https://geektimes.ru/post/282864/,-0.012043622512437457
https://habrahabr.ru/company/mobio/blog/315822/,-0.9242112819640244
https://habrahabr.ru/company/arcadia/blog/308264/,0.6949465261206915
https://habrahabr.ru/company/panda/blog/315830/,-0.6431945861479901
https://habrahabr.ru/company/pechkin/blog/315834/,-0.11965580729104247
https://geektimes.ru/company/madrobots/blog/282866/,-0.43271310163870913
https://habrahabr.ru/company/hflabs/blog/314786/,-0.33882925307025147
https://habrahabr.ru/company/pt/blog/315840/,-0.6608008693148014
https://habrahabr.ru/company/simnetworks/blog/315728/,-0.8265215749371974
https://geektimes.ru/post/282870/,-0.86557192918859
https://habrahabr.ru/company/hosting-cafe/blog/315802/,0.11606434012517239
https://geektimes.ru/company/jd/blog/282202/,-0.7678650778845798
https://geektimes.ru/company/mailru/blog/282862/,0.6614990065628914
https://habrahabr.ru/company/microsoft/blog/315836/,0.6717755773863201
https://geektimes.ru/company/jetinfosystems/blog/282872/,0.6464311234621596
https://habrahabr.ru/company/muk/blog/315844/,0.140223784525891
https://habrahabr.ru/company/everydaytools/blog/315846/,2.0239190845627446
https://habrahabr.ru/company/tcsbank/blog/315786/,0.06831270737169054
https://habrahabr.ru/post/315764/,0.6977085881814317
https://habrahabr.ru/company/edison/blog/315680/,0.3726075140353489
https://geektimes.ru/company/audiomania/blog/282876/,0.36877413259003977
https://habrahabr.ru/post/315848/,-0.30740471863483665
https://habrahabr.ru/company/kaspersky/blog/315854/,-0.9300407440333688
https://habrahabr.ru/company/wunderfund/blog/315476/,1.0932975641110936
https://habrahabr.ru/post/315842/,0.40627626357356283
https://geektimes.ru/post/282882/,0.2797557549898367
https://habrahabr.ru/company/1cloud/blog/315852/,1.556199234442003
https://geektimes.ru/company/comfortway/blog/282886/,0.15412193677083427
https://geektimes.ru/post/282878/,-0.07965239425161474
https://habrahabr.ru/company/JetBrains/blog/315838/,0.07470050298217884
https://geektimes.ru/company/waves/blog/282880/,-0.5997018812783128
https://habrahabr.ru/company/edison/blog/315724/,1.0858049540297032
https://geektimes.ru/company/wirex/blog/281120/,-0.42081207250027697
https://habrahabr.ru/post/315862/,0.7317434756092674
https://habrahabr.ru/post/315870/,0.872824515563294
https://habrahabr.ru/company/miip/blog/315584/,-0.7624594178860759
https://habrahabr.ru/company/appodeal/blog/315874/,-0.4878348382286438
https://geektimes.ru/post/282890/,-1.5144924025839792
https://habrahabr.ru/post/315876/,-0.4949404075188192
https://habrahabr.ru/post/315872/,0.41519661126679286
https://habrahabr.ru/post/315882/,0.6552227769343908
https://habrahabr.ru/post/315880/,-0.29987093617514293
https://habrahabr.ru/company/fpi_russia/blog/315886/,0.5241261208639769
https://geektimes.ru/post/282896/,0.27803751611339617
https://geektimes.ru/post/282898/,-0.02320219211461405
https://geektimes.ru/post/282908/,-0.45732826687067885
https://habrahabr.ru/company/mailru/blog/315748/,-1.273080151235519
https://geektimes.ru/post/282912/,-0.27076338684666346
https://habrahabr.ru/post/315894/,-0.747199433690869
https://geektimes.ru/post/282916/,-0.3197405058053625
https://habrahabr.ru/post/315898/,-0.09262667399600127
https://geektimes.ru/post/282894/,-0.23048618127491005
https://geektimes.ru/company/nag/blog/282918/,0.8898683623653132
https://geektimes.ru/post/282922/,0.48344489096173193
https://geektimes.ru/post/282906/,0.5274011977429169
https://geektimes.ru/company/genotek/blog/282926/,0.09161720656813965
https://habrahabr.ru/company/jugru/blog/315806/,1.0623661753858205
https://habrahabr.ru/company/dataline/blog/315892/,0.01648638764309357
https://geektimes.ru/company/asus/blog/282914/,-0.4665211754002616
https://habrahabr.ru/post/315914/,0.27406049385540976
https://habrahabr.ru/company/first/blog/315754/,1.5871087378145434
https://habrahabr.ru/company/legoeducation/blog/315740/,0.42267826144858034
https://habrahabr.ru/company/testutor/blog/315918/,0.0432281854341649
https://habrahabr.ru/company/goto/blog/315828/,-0.034473543193627165
https://habrahabr.ru/post/315910/,0.34612044032777906
https://habrahabr.ru/company/edison/blog/315790/,0.27375672751165475
https://habrahabr.ru/post/315922/,0.9863525877205563
https://geektimes.ru/post/282928/,0.1965534911278244
https://habrahabr.ru/company/hpe/blog/315902/,-1.2362958260208208
https://habrahabr.ru/post/315936/,0.5527075997966627
https://geektimes.ru/company/payonline/blog/282842/,0.7216622030513972
https://habrahabr.ru/company/payonline/blog/312386/,-0.7715587931361657
https://habrahabr.ru/post/315934/,0.014253776152662934
https://habrahabr.ru/company/selectel/blog/315930/,0.13308278493535264
https://habrahabr.ru/company/wrike/blog/315768/,-1.2339812654344198
https://habrahabr.ru/post/315926/,0.6305174224282238
https://habrahabr.ru/company/dca/blog/315904/,-0.24590553383376912
https://habrahabr.ru/post/315878/,-1.458589839082856
https://habrahabr.ru/company/regionsoft/blog/315888/,-0.33529220573449803
https://habrahabr.ru/post/315940/,0.7883013361986924
https://habrahabr.ru/company/intel/blog/315906/,-0.30804142863575135
https://habrahabr.ru/post/315942/,1.9540827949843402
https://habrahabr.ru/post/315948/,-0.6589100405749247
https://geektimes.ru/company/mailru/blog/282874/,0.06678246020985365
https://habrahabr.ru/company/pt/blog/315944/,0.6465350264524632
https://habrahabr.ru/company/mailru/blog/315928/,-0.775563793300028
https://geektimes.ru/company/ukit/blog/282892/,0.8257812766088821
https://geektimes.ru/post/282900/,-0.6639654845141618
https://geektimes.ru/company/gearbest/blog/282936/,0.17699389786698597
https://habrahabr.ru/post/315684/,-0.23538587511988607
https://habrahabr.ru/post/315950/,1.169695005049211
https://geektimes.ru/company/bvc_trade/blog/282920/,0.3405934811062302
https://habrahabr.ru/company/host-tracker/blog/315832/,0.19745863409308034
https://geektimes.ru/post/282938/,0.7163376631358983
https://geektimes.ru/post/282944/,0.5782839032473541
https://geektimes.ru/post/282942/,-0.210522644520454
https://habrahabr.ru/company/vivaldi/blog/315952/,-0.04779049902200466
https://habrahabr.ru/post/315956/,0.3879925098935527
https://habrahabr.ru/company/jugru/blog/315864/,-0.2895354808817795
https://habrahabr.ru/company/it-grad/blog/315314/,-0.4674470458458221
https://geektimes.ru/post/282946/,-0.607280864370682
https://geektimes.ru/post/282948/,0.04611547677692274
https://habrahabr.ru/company/ru_mts/blog/315958/,-0.576982003697677
https://habrahabr.ru/company/JetBrains/blog/315962/,-0.333922054079411
https://habrahabr.ru/company/microsoft/blog/315780/,0.2757614214707655
https://habrahabr.ru/post/315964/,-0.8575821826896449
https://habrahabr.ru/post/315970/,0.9401643252993631
https://habrahabr.ru/company/mailru/blog/315966/,0.4091386211666279
https://habrahabr.ru/post/315900/,0.7513894066291773
https://habrahabr.ru/post/315972/,0.03567927238470392
https://habrahabr.ru/company/redmadrobot/blog/315968/,0.7016404535835024
https://habrahabr.ru/post/315974/,0.19042947530115084
https://geektimes.ru/post/282954/,0.08399416194744769
https://habrahabr.ru/post/315978/,1.234943447368422
https://habrahabr.ru/post/315932/,-1.7631500945488838
https://geektimes.ru/post/282950/,-0.023209621412322745
https://habrahabr.ru/post/315620/,0.16161959973819992
https://geektimes.ru/post/282956/,-0.09502693434023357
https://habrahabr.ru/post/315980/,-0.016402301950699583
https://geektimes.ru/post/282958/,0.37086150585902744
https://geektimes.ru/post/282962/,-0.3051930950424707
https://geektimes.ru/company/pochtoy/blog/282960/,-0.3392654136127188
https://habrahabr.ru/post/315990/,0.28828477119753715
https://habrahabr.ru/post/315994/,0.6358653433890553
https://habrahabr.ru/post/315998/,-0.25205980195613753
https://habrahabr.ru/company/edison/blog/316000/,0.6740498992711417
https://habrahabr.ru/post/316008/,-0.25601558765236443
https://geektimes.ru/company/kingston_technology/blog/281458/,0.010261210735744042
https://habrahabr.ru/post/316012/,0.6425670277635855
https://habrahabr.ru/company/parallels/blog/315986/,-0.5840211428130034
https://geektimes.ru/company/dadget/blog/282924/,0.3677958289716224
https://habrahabr.ru/company/moikrug/blog/315992/,-1.0512469494623615
https://habrahabr.ru/company/smartprogress/blog/315916/,0.19739785309892968
https://habrahabr.ru/post/316014/,0.36614578614577187
https://habrahabr.ru/company/mosigra/blog/316010/,0.7514119596164672
https://habrahabr.ru/company/gemaltorussia/blog/315856/,0.22611225881644803
https://habrahabr.ru/company/jugru/blog/315976/,-0.23009622166575483
https://habrahabr.ru/company/pc-administrator/blog/315984/,0.5320144624780941
https://habrahabr.ru/company/dellemc/blog/315896/,-0.510477293586198
https://habrahabr.ru/post/316016/,0.5267282841915523
https://habrahabr.ru/company/badoo/blog/315812/,0.8118195583253662
https://habrahabr.ru/company/cloud4y/blog/315982/,-0.6530327046205512
https://habrahabr.ru/company/mobio/blog/316020/,-0.5569435084238926
https://geektimes.ru/post/282974/,-0.7693743825507798
https://geektimes.ru/post/282976/,0.08269006059226341
https://habrahabr.ru/company/payonline/blog/312390/,-0.6287002613696365
https://habrahabr.ru/post/316028/,-0.13063026701109676
https://geektimes.ru/post/282966/,0.8883140109229486
https://habrahabr.ru/post/316030/,0.3100510162332658
https://habrahabr.ru/post/316036/,0.5154384475824021
https://habrahabr.ru/post/315850/,-0.21144082310778367
https://habrahabr.ru/company/mailru/blog/316024/,0.9997002238936684
https://habrahabr.ru/post/316040/,-1.3169241426249254
https://geektimes.ru/company/madrobots/blog/282978/,0.31871169003054994
https://habrahabr.ru/post/316038/,-0.09498238702904316
https://geektimes.ru/post/282982/,0.4674408294845505
https://geektimes.ru/company/banderolka/blog/282970/,0.8722648982863945
https://geektimes.ru/post/282986/,1.0525479776952686
https://geektimes.ru/post/282988/,0.2730447156426723
https://geektimes.ru/post/282980/,-0.606949104998444
https://habrahabr.ru/company/bizone/blog/315954/,-0.3289764728158383
https://habrahabr.ru/post/316048/,0.13877281521575294
https://habrahabr.ru/post/316052/,-1.1198217147256
https://habrahabr.ru/post/316056/,0.9682816370107002
https://habrahabr.ru/company/intel/blog/316004/,-0.02757438704754911
https://habrahabr.ru/company/rambler-co/blog/316058/,-0.7150432475393783
https://habrahabr.ru/company/ivideon/blog/316062/,0.05223159388620918
https://geektimes.ru/company/lenovo/blog/282968/,-0.3156862045215668
https://geektimes.ru/post/282990/,0.19339297520507207
https://habrahabr.ru/company/JetBrains/blog/316068/,0.02805269435579627
https://habrahabr.ru/post/316070/,1.0547653887263948
https://geektimes.ru/post/282992/,0.012541847215989
https://habrahabr.ru/post/316074/,-0.5208347904118832
https://geektimes.ru/post/282994/,-1.2411499256874174
https://geektimes.ru/post/282996/,0.1150643844294583
https://habrahabr.ru/post/316064/,0.3275484231360894
https://geektimes.ru/post/283000/,-0.3799401080159974
https://habrahabr.ru/post/316082/,0.00869385705773934
https://habrahabr.ru/post/316084/,-0.5010992406138389
https://geektimes.ru/post/283002/,0.511503182575959
https://habrahabr.ru/post/316088/,0.24855000372679073
https://habrahabr.ru/post/316090/,0.22256857674567726
https://geektimes.ru/company/ibm/blog/283004/,-0.5103449281666761
https://geektimes.ru/post/282998/,0.9303939993199938
https://habrahabr.ru/company/hosting-cafe/blog/316094/,-0.34816006480177386
https://habrahabr.ru/company/ultravds/blog/316080/,-1.4800249787984638
https://geektimes.ru/company/dadget/blog/282930/,0.3659665300207858
https://habrahabr.ru/post/315912/,0.134677049684578
https://habrahabr.ru/company/vds/blog/315988/,-0.6691162329166213
https://habrahabr.ru/post/316098/,-0.21778296153640808
https://habrahabr.ru/company/microsoft/blog/316032/,0.39339115954210335
https://habrahabr.ru/post/315354/,0.015530649657893414
https://geektimes.ru/post/283008/,0.8925294351599177
https://habrahabr.ru/post/316102/,1.2368873473319995
https://geektimes.ru/post/283006/,0.6916732772489902
https://habrahabr.ru/company/badoo/blog/316050/,0.22109657192774712
https://habrahabr.ru/post/316104/,-0.570635838136778
https://habrahabr.ru/post/316106/,0.3076581694081928
https://habrahabr.ru/post/316108/,0.42641830926865154
https://geektimes.ru/post/283010/,0.2824177070247558
https://habrahabr.ru/post/316022/,0.7140577467709188
https://habrahabr.ru/post/316054/,1.315496268138043
https://habrahabr.ru/post/316112/,1.2514997237489447
https://habrahabr.ru/post/316066/,0.6177197798586118
https://habrahabr.ru/company/1cloud/blog/316110/,0.4771385705166511
https://habrahabr.ru/company/gvalg/blog/316120/,0.15654533919829747
https://habrahabr.ru/company/tmru/blog/316122/,-0.5917182236916895
https://habrahabr.ru/company/piter/blog/316118/,-0.5935110476147685
https://geektimes.ru/company/mailru/blog/283012/,0.2576747435991015
https://habrahabr.ru/post/316124/,0.33684927225530703
https://geektimes.ru/post/283020/,0.45640669317946037
https://geektimes.ru/company/atlasbiomed/blog/283018/,0.6208698760366895
https://habrahabr.ru/company/ruvds/blog/316132/,0.1422202907435971
https://habrahabr.ru/company/defconru/blog/314686/,-0.07242150193698932
https://habrahabr.ru/company/microsoft/blog/316134/,0.5115273711114585
https://geektimes.ru/company/gearbest/blog/283026/,0.3466686193424808
https://habrahabr.ru/post/316140/,0.8040530888916214
https://geektimes.ru/company/piter/blog/283024/,-0.5623080590127727
https://habrahabr.ru/company/intel/blog/316006/,-0.22989362457136764
https://geektimes.ru/company/lenovo/blog/283030/,0.14473987832367252
https://geektimes.ru/post/283032/,0.6125252720443413
https://habrahabr.ru/company/mailru/blog/316128/,0.7857429580961792
https://habrahabr.ru/post/316144/,-0.2223145173034765
https://geektimes.ru/post/282696/,-0.5432907149530045
https://geektimes.ru/post/283034/,-0.3384221678756546
https://habrahabr.ru/post/316148/,0.7451138412777956
https://habrahabr.ru/company/flyelephant/blog/316146/,-0.33142933763915694
https://habrahabr.ru/company/kickidler/blog/315776/,-0.225146044621791
https://habrahabr.ru/post/315960/,0.4804221532535213
https://habrahabr.ru/post/316092/,0.7593995978037431
https://habrahabr.ru/company/appodeal/blog/316154/,0.021912048755874047
https://habrahabr.ru/company/JetBrains/blog/316152/,-0.7636274900706251
https://habrahabr.ru/company/edison/blog/316076/,-0.0005929774820845335
https://geektimes.ru/post/283036/,-0.896876086336423
https://habrahabr.ru/post/316158/,1.0333925577522536
https://habrahabr.ru/post/312592/,1.2197008626735544
https://geektimes.ru/post/283040/,-0.26857831701549406
https://geektimes.ru/company/dataart/blog/283042/,0.006589149948128592
https://habrahabr.ru/post/316160/,0.24103460695338683
https://geektimes.ru/post/283028/,0.09337773347027867
https://geektimes.ru/post/283044/,0.23558289174674113
https://geektimes.ru/company/kingston_technology/blog/283038/,-0.036819632413038095
https://geektimes.ru/company/ua-hosting/blog/283048/,-0.20859745979226996
https://habrahabr.ru/company/kingservers/blog/316168/,-0.473425604383401
https://habrahabr.ru/company/kaspersky/blog/316174/,-0.3439346486226116
https://geektimes.ru/post/283046/,-0.15601839525197203
https://habrahabr.ru/post/316180/,-0.17874655382413907
https://geektimes.ru/post/283056/,0.166904901534367
https://habrahabr.ru/company/infoculture/blog/316186/,0.32619380031099454
https://geektimes.ru/post/283058/,0.12508142824286755
https://geektimes.ru/post/283060/,-0.21228840387376757
https://geektimes.ru/post/283050/,-0.8963462864280408
https://habrahabr.ru/company/bizone/blog/316166/,-0.29738591181461416
https://geektimes.ru/post/283062/,-0.16150977738409206
https://geektimes.ru/post/283066/,-0.23741359085187452
https://habrahabr.ru/company/vivaldi/blog/316196/,0.06744491229828822
https://geektimes.ru/post/283064/,0.5084692843708103
https://geektimes.ru/post/283068/,0.04212647629548727
https://habrahabr.ru/post/316184/,0.00013681616898664206
https://habrahabr.ru/company/edison/blog/316072/,0.913459245662142
https://geektimes.ru/post/283070/,0.7787790228068276
https://geektimes.ru/post/283074/,-0.24701217591249425
https://habrahabr.ru/post/316198/,-0.8384318364250046
https://habrahabr.ru/post/316208/,0.937009878755241
https://habrahabr.ru/company/simpleweek/blog/316210/,0.3935327390587641
https://habrahabr.ru/post/316204/,0.9722633010184025
https://geektimes.ru/post/283054/,0.21626093233947719
https://habrahabr.ru/post/316220/,0.3817756142569231
https://geektimes.ru/post/283078/,0.10297056572562838
https://habrahabr.ru/post/315454/,0.6355457458070103
https://habrahabr.ru/post/316224/,0.2929358042545126
https://habrahabr.ru/company/kingservers/blog/316226/,-0.45723091983696107
https://habrahabr.ru/company/ibm/blog/316230/,-0.168174519033698
https://habrahabr.ru/company/eset/blog/316228/,-0.4348196008784424
https://geektimes.ru/post/283084/,-0.2012023651305367
https://habrahabr.ru/post/315634/,-0.009223430274842515
https://geektimes.ru/post/283082/,0.744729283139031
https://habrahabr.ru/company/infopulse/blog/316236/,-0.438748781181438
https://habrahabr.ru/company/edison/blog/315714/,-0.23013226562483813
https://habrahabr.ru/post/316238/,0.7849720065199779
https://habrahabr.ru/post/316194/,1.1611853945632689
https://habrahabr.ru/post/316150/,0.6451380301472356
https://geektimes.ru/post/283092/,-0.06579619324525132
https://habrahabr.ru/post/316116/,0.033023482003289584
https://geektimes.ru/post/283094/,-0.4929226898337091
https://habrahabr.ru/post/316246/,-0.06032067085112486
https://habrahabr.ru/company/zfort/blog/316250/,0.6999124202810765
https://habrahabr.ru/post/316252/,1.154547444319604
https://geektimes.ru/post/283086/,-0.603406677714054
https://habrahabr.ru/company/zfort/blog/316254/,0.8784468486761944
https://habrahabr.ru/post/316256/,-0.9961989399125698
https://geektimes.ru/post/283088/,0.423828509516049
https://geektimes.ru/post/283096/,0.7788703698979561
https://habrahabr.ru/post/316260/,0.657809094625387
https://geektimes.ru/post/283100/,0.06614831901640977
https://habrahabr.ru/post/316248/,-1.1251459140360573
https://geektimes.ru/company/waves/blog/282852/,-0.4965085073555099
https://habrahabr.ru/post/316264/,0.04389225203569208
https://habrahabr.ru/post/316262/,0.9702210824803851
https://geektimes.ru/post/283090/,0.037910442375453546
https://geektimes.ru/company/wirex/blog/281122/,0.17796197141817688
https://habrahabr.ru/post/315690/,0.958077278343858
https://habrahabr.ru/company/mailru/blog/316170/,1.282952814019485
https://habrahabr.ru/post/316280/,-0.5790489666997496
https://habrahabr.ru/company/wrike/blog/315908/,0.18758765360145097
https://habrahabr.ru/company/vasexperts/blog/316270/,-0.17004287446615368
https://habrahabr.ru/company/knopka/blog/316294/,0.02745726181803715
https://geektimes.ru/company/mailru/blog/283022/,0.8040155092466449
https://habrahabr.ru/post/316298/,0.4864163360859811
https://geektimes.ru/post/283106/,-1.2238699696907194
https://habrahabr.ru/company/rambler-co/blog/316300/,-0.028672878029785465
https://geektimes.ru/post/283108/,-0.21524060702631376
https://geektimes.ru/post/283114/,0.9175654676106936
https://geektimes.ru/post/283116/,-0.11564468600925015
https://geektimes.ru/post/283118/,0.21083636868802128
https://geektimes.ru/post/283112/,0.17121541995105266
https://habrahabr.ru/post/316302/,0.4224709632480522
https://geektimes.ru/post/283072/,-0.6795201376839811
https://geektimes.ru/company/ocz/blog/283122/,-0.3235551491129195
https://habrahabr.ru/company/jugru/blog/316306/,-0.6560771570743712
https://habrahabr.ru/post/316314/,0.45025969656562687
https://habrahabr.ru/company/ruvds/blog/316318/,0.35813232854776517
https://habrahabr.ru/company/everydaytools/blog/316312/,-1.56265240417886
https://geektimes.ru/company/nag/blog/283120/,0.17360024957715217
https://habrahabr.ru/post/316296/,0.7582374050011562
https://habrahabr.ru/post/316322/,0.6167443491389311
https://habrahabr.ru/company/microsoft/blog/316326/,0.4286874196468655
https://habrahabr.ru/post/316328/,0.7639707916884795
https://geektimes.ru/post/283128/,-0.5976888979346519
https://habrahabr.ru/company/billing/blog/316324/,-0.04931001158561377
https://habrahabr.ru/company/jugru/blog/316308/,1.1650185207603982
https://habrahabr.ru/post/316332/,0.41163321089317556
https://geektimes.ru/post/282884/,1.3138388908011154
https://habrahabr.ru/company/rambler-co/blog/316336/,-0.08224865193138375
https://habrahabr.ru/company/eset/blog/316338/,-0.39104575082048676
https://habrahabr.ru/company/zerotech/blog/316316/,0.8099455037485226
https://geektimes.ru/post/283130/,-0.22889562040567957
https://habrahabr.ru/company/3cx/blog/316348/,-0.8601833959807968
https://habrahabr.ru/company/pvs-studio/blog/316352/,0.38033072123449885
https://geektimes.ru/post/283134/,-0.9199451189623952
https://habrahabr.ru/company/codabra/blog/316354/,-0.14422720407586603
https://habrahabr.ru/company/intems/blog/316350/,-0.6014931237764242
https://habrahabr.ru/post/316364/,-0.49755188520915583
https://habrahabr.ru/post/314100/,0.13188594492388603
https://habrahabr.ru/post/316368/,0.49314028065671256
https://habrahabr.ru/post/316376/,-0.969143451908057
https://habrahabr.ru/post/316378/,-1.242437521593156
https://habrahabr.ru/company/erlyvideo/blog/316360/,0.2155459618558407
https://geektimes.ru/company/dadget/blog/283102/,1.0606233119012765
https://geektimes.ru/post/283142/,0.2764287688442424
https://habrahabr.ru/post/316382/,0.2962537917738163
https://habrahabr.ru/company/centosadmin/blog/316304/,0.8364863860827089
https://habrahabr.ru/post/316362/,0.6532061655240563
https://habrahabr.ru/company/jugru/blog/316060/,-0.03149636131919076
https://habrahabr.ru/company/google/blog/316344/,0.9560655259374977
https://habrahabr.ru/company/croc/blog/316374/,-0.35941666149859697
https://geektimes.ru/company/klinika_shilovoy/blog/283146/,0.42576149293140975
https://habrahabr.ru/post/315546/,-0.21026163397824316
https://geektimes.ru/post/283110/,0.9027328254029588
https://habrahabr.ru/company/selectel/blog/316258/,0.4434662499733856
https://habrahabr.ru/post/316380/,0.369664827537066
https://habrahabr.ru/company/mobio/blog/316310/,-1.1496246422480643
https://habrahabr.ru/post/316392/,0.14239335119737406
https://habrahabr.ru/company/Voximplant/blog/315774/,0.597210991220092
https://habrahabr.ru/post/316370/,0.2639074253084494
https://habrahabr.ru/company/simnetworks/blog/316396/,-0.08114619177588717
https://habrahabr.ru/post/315392/,0.4919325399972689
https://habrahabr.ru/company/bitrix/blog/314642/,0.0799258893616229
https://habrahabr.ru/post/316404/,0.9642505898858752
https://geektimes.ru/post/282498/,0.10892641654861812
https://geektimes.ru/post/283138/,-0.9169262530683061
https://habrahabr.ru/company/SECL_GROUP/blog/316406/,1.220559157822106
https://habrahabr.ru/company/wrike/blog/316342/,-0.054121004239319814
https://geektimes.ru/post/283152/,0.39654978612117336
https://habrahabr.ru/company/1cloud/blog/316266/,0.7441274448515851
https://habrahabr.ru/company/rambler-co/blog/315946/,-1.2590285026464687
https://habrahabr.ru/company/netcracker/blog/316408/,0.44029285599778933
https://geektimes.ru/post/283154/,-0.1189059416053373
https://habrahabr.ru/company/pvs-studio/blog/316418/,-0.059993870108030534
https://geektimes.ru/post/283156/,0.8505004701554744
https://habrahabr.ru/company/playrix/blog/316416/,-0.2279192471747521
https://geektimes.ru/company/madrobots/blog/283150/,0.06317095428614405
https://habrahabr.ru/post/316426/,0.48235923377009404
https://habrahabr.ru/post/316430/,1.2776366521626326
https://habrahabr.ru/company/kickidler/blog/316402/,-0.3322873687624376
https://habrahabr.ru/company/livetyping/blog/315938/,-0.06366087366080919
https://geektimes.ru/post/283158/,0.2581045347038075
https://habrahabr.ru/post/316432/,0.8818393256820944
https://geektimes.ru/post/283162/,-0.7316330738349793
https://habrahabr.ru/company/reactos/blog/316444/,0.5979095190781305
https://geektimes.ru/post/283164/,-0.47364119709038377
https://geektimes.ru/company/advocam/blog/283168/,0.0500038425464952
https://habrahabr.ru/company/comparex/blog/316452/,-1.0549886475382797
https://habrahabr.ru/company/microsoft/blog/316456/,0.8991775235083512
https://habrahabr.ru/company/bizone/blog/316420/,-0.35678401900399415
https://habrahabr.ru/company/oleg-bunin/blog/316458/,0.6530401346064862
https://geektimes.ru/company/top3dshop/blog/283166/,0.3280162429319088
https://geektimes.ru/post/283136/,-0.10316450469906702
https://habrahabr.ru/post/316460/,1.0915750993122009
https://geektimes.ru/post/283176/,0.49255078502245675
https://habrahabr.ru/post/316466/,-0.03711970695487954
https://geektimes.ru/post/283174/,-0.5833718169741334
https://geektimes.ru/company/hashflare/blog/282972/,-0.7976970622424767
https://habrahabr.ru/post/316244/,1.5777993585166903
https://habrahabr.ru/post/316468/,-0.3233971090337673
https://habrahabr.ru/post/316464/,-0.6107501714743199
https://geektimes.ru/post/282424/,0.7514535949446552
https://habrahabr.ru/company/euler2012/blog/316476/,-0.70368607838241
https://habrahabr.ru/post/316100/,0.039886112109111416
https://geektimes.ru/company/dadget/blog/282984/,1.1243518867996931
https://habrahabr.ru/company/pvs-studio/blog/316484/,0.1722129570931608
https://habrahabr.ru/company/regberry/blog/316394/,0.025052166616308713
https://geektimes.ru/company/unitsolutions/blog/283160/,0.41748715761478566
https://habrahabr.ru/company/stss/blog/312166/,0.204621520013603
https://habrahabr.ru/post/316482/,0.6020021605364267
https://habrahabr.ru/post/316486/,0.577592683600445
https://habrahabr.ru/post/316400/,0.6864266815899567
https://geektimes.ru/post/283124/,0.29421322927046156
https://habrahabr.ru/company/miip/blog/316472/,0.7887015652465377
https://habrahabr.ru/post/316492/,0.42703637594705185
https://habrahabr.ru/post/316494/,0.1124815406954322
https://habrahabr.ru/company/badoo/blog/316450/,0.11290363372527618
https://habrahabr.ru/company/dataline/blog/316412/,0.2347306322005329
https://habrahabr.ru/company/muk/blog/316504/,-0.41888915493007406
https://habrahabr.ru/post/316496/,-0.72650119704401
https://habrahabr.ru/post/312506/,-0.12946610247050672
https://habrahabr.ru/company/testutor/blog/316434/,-0.5080750572091842
https://habrahabr.ru/post/316474/,-0.577919679827761
https://habrahabr.ru/company/panda/blog/316500/,-0.177525899766661
https://habrahabr.ru/company/postgrespro/blog/316428/,0.0035164937263890694
https://geektimes.ru/post/283186/,-0.3657988857585269
https://geektimes.ru/post/283180/,-0.01275485807801735
https://habrahabr.ru/post/316516/,0.8944936183940011
https://habrahabr.ru/company/hosting-cafe/blog/316422/,0.14991471728392436
https://geektimes.ru/post/283188/,-0.3205298576529846
https://habrahabr.ru/post/316438/,0.7778874404991315
https://habrahabr.ru/company/eset/blog/316524/,0.12315206671076104
https://geektimes.ru/company/piter/blog/283192/,-0.09867614313722883
https://geektimes.ru/post/283194/,-0.5399717758494464
https://geektimes.ru/post/283196/,0.5267802474590891
https://habrahabr.ru/post/316528/,0.2134138235002355
https://geektimes.ru/post/283198/,0.5552473366338257
https://geektimes.ru/post/283202/,0.8940462134439743
https://habrahabr.ru/company/SECL_GROUP/blog/316534/,-0.18910760638044233
https://habrahabr.ru/company/tm/blog/316530/,-0.534514896218479
https://habrahabr.ru/post/316126/,0.0008541956889739355
https://habrahabr.ru/company/arcadia/blog/316488/,-2.244364939457701
https://habrahabr.ru/company/eset/blog/316440/,-0.5320328947511067
https://habrahabr.ru/company/everydaytools/blog/316538/,1.1243628642416583
https://habrahabr.ru/company/pt/blog/316548/,-0.637729629387053
https://habrahabr.ru/post/316546/,0.21642051305970786
https://habrahabr.ru/post/316556/,0.197688852089537
https://habrahabr.ru/post/316512/,-0.16997361851943388
https://habrahabr.ru/post/316550/,0.6778639025768359
https://habrahabr.ru/company/telphin/blog/316532/,0.3068439600081303
https://geektimes.ru/post/283210/,-0.38990860174182373
https://geektimes.ru/post/283354/,1.205075193545595
https://geektimes.ru/post/283208/,-0.24734504719804495
https://habrahabr.ru/post/316564/,-0.6715868416202286
https://geektimes.ru/company/pochtoy/blog/282568/,0.5040756348635217
https://habrahabr.ru/company/gvalg/blog/316568/,-0.042078704339763184
https://habrahabr.ru/company/telphin/blog/316570/,-1.5003930531571612
https://habrahabr.ru/post/316576/,-0.24534690892823197
https://geektimes.ru/company/kingston_technology/blog/283076/,-0.4202017423153338
https://habrahabr.ru/post/316414/,0.822536233001544
https://habrahabr.ru/company/exante/blog/316584/,-0.3355223575556845
https://habrahabr.ru/post/316506/,0.41612854137147715
https://geektimes.ru/post/283184/,0.7200249288009646
https://habrahabr.ru/company/smartprogress/blog/316480/,-0.01715723576495165
https://habrahabr.ru/post/316046/,-0.056192226244199006
https://habrahabr.ru/company/cloud4y/blog/316588/,-0.18504393478959913
https://habrahabr.ru/company/centosadmin/blog/316138/,0.2670104785430593
https://geektimes.ru/company/lamptest/blog/283218/,-0.09576410448817813
https://habrahabr.ru/company/gemaltorussia/blog/316522/,0.11933069999966306
https://habrahabr.ru/company/yota/blog/316578/,-0.029884783483552002
https://habrahabr.ru/company/intel/blog/316164/,0.0628901119823273
https://habrahabr.ru/company/AflexDistribution/blog/316596/,1.1014679839916612
https://habrahabr.ru/company/mobio/blog/316542/,-0.3931013678768319
https://habrahabr.ru/post/316580/,0.6078724512422842
https://habrahabr.ru/post/316598/,-1.4837152564755867
https://habrahabr.ru/post/316448/,0.7551652355203214
https://habrahabr.ru/post/314560/,0.9601486943344546
https://habrahabr.ru/post/316600/,0.8529317666967076
https://habrahabr.ru/company/gameinsight/blog/316142/,0.39085338398232977
https://habrahabr.ru/post/316606/,0.5974994788770561
https://habrahabr.ru/company/fetchee/blog/316558/,0.7115926232155254
https://habrahabr.ru/post/268261/,0.6508278436662703
https://habrahabr.ru/post/316608/,-0.12691590100562494
https://habrahabr.ru/company/moikrug/blog/316610/,-1.6806903920088327
https://habrahabr.ru/company/mailru/blog/316566/,0.3897474986024243
https://habrahabr.ru/company/ruvds/blog/316590/,0.81577776513726
https://habrahabr.ru/company/npl/blog/316616/,-0.36147833764669357
https://habrahabr.ru/post/316618/,0.8206625178524124
https://geektimes.ru/post/283228/,0.01196123549855177
https://habrahabr.ru/company/surfingbird/blog/316628/,-1.4618273159180983
https://geektimes.ru/post/283226/,0.06320818783660198
https://habrahabr.ru/post/316630/,0.4758185879674128
https://geektimes.ru/post/283232/,0.25012283376396927
https://geektimes.ru/post/283234/,-0.6641935676553156
https://geektimes.ru/post/283236/,-0.6241103094577208
https://geektimes.ru/post/283240/,1.045020870443666
https://habrahabr.ru/company/jugru/blog/315868/,-0.7054317528469346
https://habrahabr.ru/company/mailru/blog/316634/,0.8172098091572634
https://geektimes.ru/company/top3dshop/blog/283170/,0.8245975867761511
https://habrahabr.ru/company/bizone/blog/316582/,-0.352237158000706
https://geektimes.ru/post/283246/,0.20124640282337453
https://geektimes.ru/company/gearbest/blog/283242/,-0.4388866969372235
https://geektimes.ru/company/legoeducation/blog/283244/,0.6198940112341627
https://habrahabr.ru/post/316646/,0.4434811940770788
https://habrahabr.ru/company/pt/blog/316648/,-0.3097334948630127
https://habrahabr.ru/company/meduza/blog/316640/,1.0797891860371203
https://habrahabr.ru/post/316650/,0.37656987070313136
https://geektimes.ru/post/283250/,1.3878129859934036
https://habrahabr.ru/company/intersystems/blog/316498/,-1.29632100564179
https://habrahabr.ru/company/oleg-bunin/blog/316652/,0.3247870274935028
https://habrahabr.ru/company/appodeal/blog/316654/,-0.06667767118403045
https://geektimes.ru/post/283252/,-0.38795443347664604
https://habrahabr.ru/company/yandex/blog/315606/,0.10575170266868805
https://habrahabr.ru/company/redhelper/blog/316636/,0.020636910786264784
https://habrahabr.ru/company/efo/blog/316526/,-0.4126872767980245
https://geektimes.ru/post/283224/,-1.4514107846837163
https://habrahabr.ru/post/316620/,1.0744212025897482
https://habrahabr.ru/post/316658/,-0.10400782355178018
https://habrahabr.ru/company/kingservers/blog/316660/,-0.24136965660708032
https://geektimes.ru/post/283254/,-0.5726090260914939
https://geektimes.ru/post/283260/,0.25963677579691147
https://geektimes.ru/post/283262/,0.3208745436655554
https://habrahabr.ru/post/316662/,-0.2707293859452311
https://geektimes.ru/post/283258/,-0.09012171382402978
https://habrahabr.ru/post/316520/,0.7916530074083592
https://habrahabr.ru/post/316664/,0.0958819441175332
https://geektimes.ru/post/282268/,0.5182061895475323
https://habrahabr.ru/company/edison/blog/316668/,0.006156733897650202
https://habrahabr.ru/post/316676/,0.7533120688347432
https://habrahabr.ru/post/316678/,-1.103866462411046
https://habrahabr.ru/post/316670/,-0.5566430579350492
https://habrahabr.ru/post/316680/,1.2637876873404967
https://habrahabr.ru/company/dangry/blog/316682/,0.5995310085137565
https://habrahabr.ru/company/piter/blog/316684/,0.5500610678693378
https://habrahabr.ru/company/softmart/blog/316686/,0.5635545585954256
https://geektimes.ru/company/mailru/blog/283256/,0.25251381989360755
https://habrahabr.ru/post/316604/,0.42081024912403253
https://habrahabr.ru/company/jugru/blog/316688/,-0.6288743431884642
https://habrahabr.ru/post/316672/,0.8112142479011858
https://habrahabr.ru/post/316690/,-0.27532936441954214
https://habrahabr.ru/post/316674/,-0.487316397135674
https://geektimes.ru/company/lakhta_center/blog/282940/,-0.664988881371064
https://geektimes.ru/post/282910/,0.6970356447306638
https://geektimes.ru/post/283274/,0.39462336167022904
https://habrahabr.ru/post/316700/,1.1420219524853783
https://habrahabr.ru/post/316698/,-1.1625024097914127
https://habrahabr.ru/company/moikrug/blog/316702/,-1.6051824589375578
https://habrahabr.ru/post/316708/,0.7604004461165872
https://geektimes.ru/post/283278/,0.2107860513657962
https://geektimes.ru/company/motorica/blog/283280/,-0.13808921956689124
https://habrahabr.ru/company/microsoft/blog/316714/,0.24371784891449977
https://habrahabr.ru/post/316716/,0.3883103864178396
https://habrahabr.ru/company/crossover/blog/315890/,-0.7438106157690433
https://geektimes.ru/company/pochtoy/blog/240346/,-0.8810019921240398
https://habrahabr.ru/company/pt/blog/316724/,0.41388856054321455
https://geektimes.ru/post/283284/,-0.011949270187061212
https://habrahabr.ru/company/everydaytools/blog/316722/,-0.9274104373759545
https://habrahabr.ru/post/316720/,0.2897593615609014
https://habrahabr.ru/post/316462/,-0.21132038025600464
https://geektimes.ru/company/atlasbiomed/blog/283290/,-0.5673792767163267
https://habrahabr.ru/post/316666/,1.2415683573990521
https://habrahabr.ru/post/316726/,0.052942427171835005
https://geektimes.ru/post/283294/,-0.42541979823887244
https://geektimes.ru/company/hashflare/blog/283266/,-0.09841876661527726
https://habrahabr.ru/post/316730/,-0.22556679027561655
https://geektimes.ru/company/madrobots/blog/283288/,0.8848425424389118
https://geektimes.ru/company/pult/blog/283270/,0.25871246812175724
https://habrahabr.ru/post/316736/,0.2983569416435405
https://habrahabr.ru/post/316738/,-0.4825942417874757
https://habrahabr.ru/post/316734/,0.2130769848262552
https://habrahabr.ru/post/316622/,0.3709510729143683
https://geektimes.ru/company/gearbest/blog/283296/,0.05020758023897709
https://habrahabr.ru/post/316742/,1.3027973011772216
https://geektimes.ru/post/283300/,-0.6287514063972094
https://habrahabr.ru/company/jugru/blog/316732/,-0.4104085438164996
https://habrahabr.ru/post/316388/,0.16482608571236812
https://geektimes.ru/post/283304/,-0.38266426782774654
https://habrahabr.ru/company/kaspersky/blog/316750/,-0.2216628292225873
https://habrahabr.ru/post/316206/,0.17514978615008736
https://geektimes.ru/post/283310/,0.13520971185780642
https://habrahabr.ru/company/intems/blog/316728/,1.3414417615844525
https://geektimes.ru/post/283312/,-0.1066756167611213
https://habrahabr.ru/post/316760/,0.8433427559803599
https://geektimes.ru/post/283306/,-0.04462631643569748
https://geektimes.ru/post/283314/,0.5207018324820536
https://geektimes.ru/post/283268/,0.9101702061629359
https://geektimes.ru/post/283316/,-0.3347866744122209
https://geektimes.ru/post/283318/,0.7406245975027435
https://habrahabr.ru/company/edison/blog/316574/,0.32149386538201075
https://habrahabr.ru/post/316320/,0.5494849293814473
https://habrahabr.ru/post/316770/,0.32331267744461756
https://habrahabr.ru/company/edison/blog/316776/,0.5676008570010687
https://habrahabr.ru/company/kingservers/blog/316782/,-0.20131167129723893
https://habrahabr.ru/post/316784/,0.884443449020003
https://habrahabr.ru/post/316768/,0.9620808640870223
https://geektimes.ru/post/283326/,-0.3468478595780661
https://habrahabr.ru/post/316786/,1.210009217432087
https://geektimes.ru/post/283308/,0.6275774273414878
https://geektimes.ru/post/283140/,0.07326157618550974
https://geektimes.ru/post/283328/,0.9623641767921874
https://habrahabr.ru/post/316790/,0.28822994702098786
https://habrahabr.ru/post/316794/,0.1677461169550788
https://geektimes.ru/post/283330/,-0.15273302777624143
https://geektimes.ru/post/283332/,0.4821070519630748
https://habrahabr.ru/post/316802/,1.4362674006552685
https://geektimes.ru/post/283336/,0.13489189859768483
https://habrahabr.ru/company/yandex/blog/316232/,1.258286510940764
https://geektimes.ru/post/283298/,0.8855512374554295
https://geektimes.ru/company/genotek/blog/283340/,-0.2107681448763482
https://geektimes.ru/post/283342/,0.27443466097325464
https://habrahabr.ru/post/316808/,-0.08273780368016231
https://geektimes.ru/post/283362/,0.7272823997053777
https://habrahabr.ru/company/zfort/blog/316812/,0.5881950218808489
https://geektimes.ru/post/283346/,1.5684960111205055
https://habrahabr.ru/post/316820/,-0.5522719622341175
https://habrahabr.ru/post/316818/,0.7541382571925662
https://habrahabr.ru/post/316828/,1.1152459272504955
https://habrahabr.ru/company/devexpress/blog/316358/,0.9508282551940103
https://habrahabr.ru/post/316830/,0.1752308988107655
https://habrahabr.ru/company/edison/blog/315696/,0.24683929012711586
https://geektimes.ru/company/klinika_shilovoy/blog/283348/,0.9828387163887261
https://geektimes.ru/company/kingston_technology/blog/283144/,-0.2015340362072746
https://habrahabr.ru/post/316824/,1.5310849752505216
https://habrahabr.ru/company/custis/blog/313284/,-0.6884518809435479
https://habrahabr.ru/post/316562/,0.6364094918501562
https://geektimes.ru/company/lamptest/blog/283350/,1.152382441307457
https://habrahabr.ru/company/ultima/blog/316832/,-1.0154647356744007
https://habrahabr.ru/post/316518/,0.48080293573838206
https://habrahabr.ru/post/316834/,0.9166502094653992
https://geektimes.ru/post/283352/,0.22425505196799062
https://geektimes.ru/company/waves/blog/283222/,-1.0672502883777586
https://habrahabr.ru/company/Voximplant/blog/316840/,0.11460145022808951
https://geektimes.ru/post/283358/,-0.6920661784116661
https://habrahabr.ru/post/315590/,-1.155979098940616
https://geektimes.ru/company/intel/blog/283282/,-0.9149055845471111
https://geektimes.ru/company/sonyxperia/blog/283364/,-0.8582286563838636
https://habrahabr.ru/company/veeam/blog/316850/,-0.3405342463114731
https://geektimes.ru/company/wirex/blog/281138/,0.2539766756521678
https://habrahabr.ru/company/ruvds/blog/316816/,0.37922973543224214
https://habrahabr.ru/post/316806/,1.392219970707374
https://habrahabr.ru/post/316838/,0.5298217031210657
https://geektimes.ru/company/mediatek/blog/283368/,-1.2026906789889877
https://habrahabr.ru/post/316814/,0.8433671719924795
https://habrahabr.ru/company/microsoft/blog/316864/,0.40796954974736666
https://geektimes.ru/post/283370/,0.36425686121869943
https://geektimes.ru/company/eczobike/blog/283372/,0.9301428192241847
https://habrahabr.ru/post/316868/,0.8589221353304244
https://geektimes.ru/company/arttel/blog/283302/,-0.40342769530275424
https://habrahabr.ru/post/312048/,0.3041691252019787
https://habrahabr.ru/post/316872/,0.19145052319594047
https://habrahabr.ru/company/fujitsu/blog/316866/,-0.8499695074041683
https://habrahabr.ru/post/316880/,0.3669482271443221
https://habrahabr.ru/company/JetBrains/blog/316844/,-0.675351162952067
https://habrahabr.ru/post/316884/,0.2148808297631209
https://habrahabr.ru/company/bizone/blog/316846/,-0.6564351919782514
https://geektimes.ru/company/gearbest/blog/283380/,0.18829468867714025
https://habrahabr.ru/company/livetyping/blog/316136/,1.1573076146186885
https://habrahabr.ru/company/infobip/blog/316886/,-0.3120268768281792
https://habrahabr.ru/company/jugru/blog/316854/,0.4097862454294824
https://geektimes.ru/company/mailru/blog/283374/,0.6537432029794209
https://geektimes.ru/post/283382/,-0.61161177995927
https://geektimes.ru/company/pochtoy/blog/283344/,0.24247121833819785
https://geektimes.ru/post/283384/,-0.1701078657308751
https://geektimes.ru/company/vertdider/blog/283386/,0.27355270701591095
https://geektimes.ru/company/atlasbiomed/blog/283388/,0.40210478351714457
https://geektimes.ru/post/283392/,-0.16394302777707137
https://geektimes.ru/post/283396/,-0.8793095817217272
https://habrahabr.ru/company/zpayment/blog/316848/,-0.4677762343429469
https://habrahabr.ru/post/316896/,0.8387899362614689
https://habrahabr.ru/company/oleg-bunin/blog/316898/,-0.1890639348348171
https://habrahabr.ru/post/316906/,0.4036724677519856
https://geektimes.ru/post/283402/,0.26411886014413255
https://geektimes.ru/post/283404/,0.11767479891906801
https://habrahabr.ru/post/316856/,0.4178841720917965
https://geektimes.ru/post/283390/,-0.03756165287971985
https://geektimes.ru/company/dadget/blog/283406/,0.18042446392692973
https://habrahabr.ru/post/316792/,1.347669844915456
https://habrahabr.ru/company/regberry/blog/316888/,1.060947238262529
https://habrahabr.ru/post/316910/,0.573632681335857
https://habrahabr.ru/company/centosadmin/blog/316386/,0.05820126023008326
https://habrahabr.ru/company/croc/blog/316908/,0.17510719646720227
https://habrahabr.ru/company/badoo/blog/316874/,0.4034984034542942
https://habrahabr.ru/company/muk/blog/316918/,-1.2722547236599784
https://geektimes.ru/company/audiomania/blog/283410/,0.3140597335045907
https://geektimes.ru/company/waves/blog/282348/,0.49885832749574816
https://habrahabr.ru/company/mailru/blog/316740/,0.28077645239477084
https://geektimes.ru/company/wirex/blog/281136/,-0.32150185978513046
https://habrahabr.ru/company/luxoft/blog/316920/,-0.6491134047104427
https://habrahabr.ru/post/310438/,1.1133712600712076
https://habrahabr.ru/company/piter/blog/316914/,0.1787225081794096
https://geektimes.ru/post/283412/,0.31816344786213346
https://habrahabr.ru/post/314798/,-0.28083674996162644
https://habrahabr.ru/post/316924/,0.15841993705963228
https://habrahabr.ru/company/moikrug/blog/316922/,-1.5184241752618801
https://geektimes.ru/company/piter/blog/283414/,-0.0904139485533415
https://habrahabr.ru/post/316926/,0.37707381444177474
https://habrahabr.ru/post/316890/,0.7306353250134856
https://habrahabr.ru/company/1cloud/blog/316930/,0.012846119020316793
https://habrahabr.ru/company/everydaytools/blog/316934/,0.41804824573326216
https://habrahabr.ru/company/SECL_GROUP/blog/316938/,0.9557226958948122
https://habrahabr.ru/post/316940/,-0.31623326038993316
https://geektimes.ru/company/bvc_trade/blog/283400/,-0.16758589016339287
https://geektimes.ru/post/283416/,-0.8592903319303314
https://habrahabr.ru/post/316944/,0.2931057623720075
https://geektimes.ru/post/283420/,0.17297993620666582
https://habrahabr.ru/company/panda/blog/316952/,0.09101024980148348
https://habrahabr.ru/company/wunderfund/blog/316826/,0.22850631954886833
https://habrahabr.ru/company/1c/blog/316956/,-1.4478224709309786
https://habrahabr.ru/company/mailru/blog/316772/,0.8866321670408732
https://habrahabr.ru/company/microsoft/blog/316928/,0.14026870201443986
https://habrahabr.ru/post/316958/,0.9394132529354262
https://geektimes.ru/post/283422/,0.09083655875327168
https://habrahabr.ru/company/eset/blog/316960/,-0.3809291058624915
https://geektimes.ru/post/283428/,0.10777047515038765
https://habrahabr.ru/post/316950/,0.1670179626300918
https://geektimes.ru/post/283430/,0.12881669627484357
https://habrahabr.ru/post/316966/,-0.2528255262051261
https://habrahabr.ru/company/intersystems/blog/316602/,-1.2116583014964664
https://habrahabr.ru/post/316970/,1.1325367289110955
https://habrahabr.ru/post/316974/,-0.1013471149248496
https://habrahabr.ru/post/316976/,-0.06896894155165006
https://geektimes.ru/company/hashflare/blog/283436/,-0.06760415963701494
https://geektimes.ru/post/283438/,1.1234869594670054
https://habrahabr.ru/post/316754/,0.2519418238499367
https://geektimes.ru/company/pochtoy/blog/283440/,0.4171061349243091
https://geektimes.ru/company/pult/blog/283444/,0.2060722009846863
https://habrahabr.ru/post/316986/,1.0049687924203567
https://geektimes.ru/company/shopfans/blog/283448/,-0.29268203271339055
https://geektimes.ru/post/283450/,0.4850517119937164
https://habrahabr.ru/post/316996/,0.2712122731723385
https://habrahabr.ru/company/JetBrains/blog/317004/,-0.4770530728033787
https://geektimes.ru/company/moonmodule/blog/283418/,-0.2339038684086412
https://geektimes.ru/post/283442/,0.25336287483993175
https://habrahabr.ru/company/smartprogress/blog/316894/,0.9919671971476927
https://habrahabr.ru/post/317008/,-0.3390565956002446
https://habrahabr.ru/company/kickidler/blog/316962/,-0.5201879123700653
https://geektimes.ru/post/283320/,-0.057567521903708396
https://geektimes.ru/post/283446/,0.9039755381535015
https://habrahabr.ru/company/jugru/blog/316436/,-0.5197438003272529
https://habrahabr.ru/post/317012/,0.09994720392950743
https://geektimes.ru/company/audiomania/blog/283456/,-0.21699414489528523
https://habrahabr.ru/post/317010/,0.4395604678575391
https://habrahabr.ru/post/315624/,1.216876273716973
https://geektimes.ru/post/283458/,-0.26954528264879773
https://habrahabr.ru/company/solarsecurity/blog/316980/,-0.3400367745145909
https://habrahabr.ru/company/AflexDistribution/blog/317016/,0.12756790243164493
https://geektimes.ru/post/283454/,-0.8067794926458692
https://habrahabr.ru/company/flyelephant/blog/317020/,-0.552127673936033
https://habrahabr.ru/post/314734/,-0.47287048318482006
https://habrahabr.ru/company/mobio/blog/316972/,-0.2101710238780088
https://habrahabr.ru/company/icl_services/blog/317026/,1.3295157653090723
https://habrahabr.ru/company/testutor/blog/317022/,-0.20668556026995655
https://geektimes.ru/post/283460/,-0.1245640667829791
https://geektimes.ru/company/wirex/blog/281124/,-0.3829218270543143
https://geektimes.ru/company/waves/blog/283206/,-0.2043441149670353
https://geektimes.ru/post/283334/,0.9632389028310739
https://geektimes.ru/post/283426/,0.2261361350205452
https://habrahabr.ru/post/316978/,0.7681093400402891
https://habrahabr.ru/post/317036/,-0.603671761062436
https://habrahabr.ru/post/316554/,-1.2467748583790446
https://habrahabr.ru/post/317038/,0.5451689061455686
https://habrahabr.ru/company/gvalg/blog/317044/,-0.7963025813606773
https://geektimes.ru/company/top3dshop/blog/283324/,0.39148655061072146
https://habrahabr.ru/company/epam_systems/blog/317050/,1.8816381769720825
https://habrahabr.ru/post/316746/,-0.18689689185481695
https://habrahabr.ru/company/hosting-cafe/blog/317054/,0.5220333447413092
https://habrahabr.ru/company/kingservers/blog/317058/,-0.056207801323284845
https://habrahabr.ru/post/317024/,0.9876013903410048
https://habrahabr.ru/post/317052/,-0.5875519880467747
https://habrahabr.ru/company/stepic/blog/317062/,-1.4410015462492005
https://habrahabr.ru/company/ispsystem/blog/316624/,0.02776929077098994
https://habrahabr.ru/company/pvs-studio/blog/317064/,-0.19333759437046205
https://habrahabr.ru/post/317056/,0.9685532576673289
https://geektimes.ru/post/283462/,-0.32898024326590325
https://habrahabr.ru/post/317068/,-0.12838126474059952
https://geektimes.ru/company/gearbest/blog/283434/,-0.07269524470808142
https://habrahabr.ru/post/317066/,0.408520336654165
https://habrahabr.ru/company/pt/blog/317072/,0.30133910267027747
https://habrahabr.ru/post/316994/,0.33077574613767685
https://geektimes.ru/post/283464/,0.10963421086927697
https://habrahabr.ru/post/317030/,-0.25222140567063756
https://habrahabr.ru/company/jalinga/blog/317082/,0.8110443665243336
https://habrahabr.ru/company/oracle/blog/316366/,-1.694469284423219
https://geektimes.ru/post/283286/,0.15164277889723818
https://habrahabr.ru/company/moikrug/blog/317086/,-0.8900795106413472
https://habrahabr.ru/company/at_consulting/blog/317088/,0.6450921662344654
https://habrahabr.ru/company/jugru/blog/317060/,0.9830831178133694
https://habrahabr.ru/company/miip/blog/316800/,-0.08621095873728385
https://habrahabr.ru/post/317090/,0.4002668319908408
https://habrahabr.ru/post/317100/,-0.7577080257828387
https://habrahabr.ru/post/317096/,-0.7826215958522763
https://habrahabr.ru/post/317098/,-0.08596651907374214
https://habrahabr.ru/post/314218/,0.8604027190566914
https://habrahabr.ru/post/316758/,0.7650538321736503
https://geektimes.ru/company/hashflare/blog/283470/,-0.4110861757696974
https://geektimes.ru/company/waves/blog/283472/,-0.343879242875446
https://geektimes.ru/post/283474/,0.48980054747174623
https://geektimes.ru/post/283476/,0.8594796234974488
https://geektimes.ru/post/283478/,-0.5263938524846442
https://habrahabr.ru/post/317112/,0.5297450265202811
https://habrahabr.ru/company/parallels/blog/317116/,0.4280278006750282
https://habrahabr.ru/company/cloud4y/blog/317110/,-0.3786001395907903
https://geektimes.ru/post/283432/,0.13344246789143754
https://geektimes.ru/post/283468/,0.7392115362430456
https://habrahabr.ru/post/316990/,1.0614514352092284
https://geektimes.ru/company/lakhta_center/blog/283360/,-0.47847685206228885
https://habrahabr.ru/company/gemaltorussia/blog/317120/,-0.17572984993596535
https://habrahabr.ru/company/croc/blog/317118/,0.29964387911975643
https://habrahabr.ru/company/selectel/blog/317034/,-0.3582500449603694
https://habrahabr.ru/company/dataline/blog/317122/,0.4326896081492765
https://habrahabr.ru/post/317126/,-0.024799655176931945
https://habrahabr.ru/company/regionsoft/blog/317124/,0.010353003430235541
https://geektimes.ru/company/dadget/blog/283480/,0.13607011815883446
https://habrahabr.ru/post/317130/,0.4229861793057238
https://habrahabr.ru/post/317132/,0.7019675335043778
https://habrahabr.ru/company/hopox/blog/317134/,-0.3400319066180081
https://habrahabr.ru/post/317136/,-0.2534487143443883
https://habrahabr.ru/post/316692/,0.09501438009058347
https://habrahabr.ru/post/317138/,-0.5767958109058248
https://habrahabr.ru/company/yadro/blog/317140/,0.0034787429861530272
https://habrahabr.ru/post/317144/,-0.5254375316988233
https://habrahabr.ru/post/317128/,-0.48424341610711374
https://habrahabr.ru/company/it-grad/blog/315316/,-0.018489902844950334
https://geektimes.ru/company/mailru/blog/283466/,0.19441157828007166
https://geektimes.ru/post/283482/,0.08731693756181702
https://habrahabr.ru/company/abbyy/blog/317102/,-0.9413467270906274
https://habrahabr.ru/company/jugru/blog/317142/,-0.9918681921717506
https://geektimes.ru/post/283484/,0.7210643597478177
https://habrahabr.ru/company/inoventica/blog/317152/,-0.22776967972267004
https://habrahabr.ru/company/mailru/blog/317150/,0.7914062753445394
https://habrahabr.ru/post/317154/,0.6746417437598672
https://geektimes.ru/post/283486/,-1.7330578879404035
https://habrahabr.ru/post/317160/,0.8885352532664512
https://habrahabr.ru/post/317164/,0.5683065016953572
https://geektimes.ru/post/283490/,-0.7752352778926906
https://habrahabr.ru/company/softlab/blog/316822/,0.20124920056200205
https://geektimes.ru/company/lenovo/blog/283492/,-0.9054676794464304
https://habrahabr.ru/company/okmeter/blog/315860/,0.5628835391666852
https://geektimes.ru/post/283494/,0.11744107716179059
https://geektimes.ru/post/283496/,-1.5935978805714455
https://habrahabr.ru/post/317170/,-0.2605343969248408
https://habrahabr.ru/company/huawei/blog/317176/,0.14026875004134756
https://geektimes.ru/post/283498/,0.9535168603519398
https://habrahabr.ru/post/317178/,0.6104527791569612
https://habrahabr.ru/company/mailru/blog/317180/,-0.1834379954449592
https://habrahabr.ru/post/317162/,-0.4541095083364356
https://habrahabr.ru/post/274353/,0.8802795105080117
https://habrahabr.ru/post/317188/,0.09448524596956356
https://habrahabr.ru/post/316988/,1.2280782041131237
https://habrahabr.ru/company/efo/blog/316954/,0.8520316354258571
https://geektimes.ru/company/hashflare/blog/283504/,-0.3277688559241928
https://geektimes.ru/post/283502/,-0.598064727351895
https://habrahabr.ru/post/317192/,-0.2283468113909165
https://geektimes.ru/post/283506/,-0.33552484909063895
https://habrahabr.ru/post/317194/,0.5351707467651704
https://habrahabr.ru/post/317198/,-0.08354140981958413
https://habrahabr.ru/post/317200/,0.05614560610822933
https://habrahabr.ru/company/mailru/blog/317084/,-0.09366956883898692
https://habrahabr.ru/company/pc-administrator/blog/317206/,-1.2381305680589434
https://habrahabr.ru/company/1cloud/blog/317204/,0.06507253190580414
https://habrahabr.ru/post/317208/,0.42758073881931713
https://geektimes.ru/post/283510/,1.8171357928796357
https://habrahabr.ru/post/317212/,0.9346115385705709
https://habrahabr.ru/company/megafon/blog/315262/,-0.16958812960229058
https://habrahabr.ru/company/rambler-co/blog/317216/,0.059467794616228975
https://habrahabr.ru/post/317220/,0.9644771224608578
https://habrahabr.ru/post/317222/,-0.22030521673656478
https://habrahabr.ru/company/pt/blog/317226/,-0.18275708355544729
https://habrahabr.ru/company/edison/blog/317228/,-0.05846917065818352
https://habrahabr.ru/post/317230/,-0.003909675606739049
https://geektimes.ru/company/gearbest/blog/283516/,-0.12982164595262535
https://habrahabr.ru/post/317236/,1.0859463049124356
https://geektimes.ru/company/madrobots/blog/283518/,0.7315330193374523
https://habrahabr.ru/company/wrike/blog/316948/,-0.6271706082207263
https://geektimes.ru/post/283520/,0.1285801914647707
https://habrahabr.ru/post/316766/,0.6336996965462052
https://habrahabr.ru/post/317172/,0.4318803169928109
https://habrahabr.ru/company/surfingbird/blog/317244/,-1.0044976330075395
https://habrahabr.ru/post/317240/,-0.9269139906690437
https://habrahabr.ru/post/317242/,-0.15727780316529744
https://habrahabr.ru/company/ruvds/blog/317238/,0.2965712005760331
https://geektimes.ru/company/mailru/blog/283488/,1.2648409138354668
https://geektimes.ru/post/283524/,-0.24190312441623174
https://habrahabr.ru/company/piter/blog/317248/,0.9356617476919876
https://habrahabr.ru/company/sendpulse/blog/317250/,-0.4979087229753293
https://habrahabr.ru/post/317114/,0.635294524173608
https://geektimes.ru/company/piter/blog/283526/,0.23926128147782316
https://habrahabr.ru/company/tcsbank/blog/317254/,0.1323244371744619
https://habrahabr.ru/company/pvs-studio/blog/315496/,-0.4138283552593707
https://habrahabr.ru/post/317258/,0.2345326502661534
https://geektimes.ru/company/amd/blog/283528/,0.10454775783363915
https://habrahabr.ru/post/317262/,1.5152730062708186
https://habrahabr.ru/post/316946/,-0.3011558888235184
https://habrahabr.ru/company/tm/blog/317264/,0.06999660977782979
https://geektimes.ru/post/283530/,0.7454255158346214
https://habrahabr.ru/company/mailru/blog/317268/,-0.15765179047483335
https://geektimes.ru/post/283532/,-0.5796936188520646
https://habrahabr.ru/company/odnoklassniki/blog/313978/,0.89639959457567
https://habrahabr.ru/company/mailru/blog/317274/,0.6828484071352972
https://geektimes.ru/post/283534/,0.040224773113625545
https://habrahabr.ru/company/zerotech/blog/317256/,1.2801235900005778
https://habrahabr.ru/post/317280/,0.6266150601332716
https://habrahabr.ru/post/316748/,-0.26986985887277737
https://geektimes.ru/post/283338/,0.8132773546506998
https://habrahabr.ru/company/kaspersky/blog/317272/,-0.30208641528147806
https://habrahabr.ru/company/ua-hosting/blog/317282/,-0.4056714851754062
https://geektimes.ru/post/283536/,0.8669450456139862
https://habrahabr.ru/company/kingservers/blog/317292/,0.13658657850363998
https://habrahabr.ru/company/edison/blog/317288/,0.06593676070083582
https://habrahabr.ru/post/317286/,0.7448909376880226
https://geektimes.ru/post/283538/,0.7333002646070278
https://geektimes.ru/post/283540/,-0.2935775318137379
https://habrahabr.ru/post/317300/,0.3857567749235157
https://habrahabr.ru/post/317278/,-0.5560284495509962
https://geektimes.ru/post/283542/,0.12909236135777968
https://geektimes.ru/post/283378/,-0.09868711119962048
https://habrahabr.ru/post/317304/,1.014261673350571
https://geektimes.ru/post/283544/,-0.35769142779096674
https://geektimes.ru/post/283546/,0.007612609474643206
https://geektimes.ru/post/283550/,0.818232067040229
https://geektimes.ru/post/283552/,0.7112259091980202
https://habrahabr.ru/company/eset/blog/317092/,-0.5475583721571314
https://geektimes.ru/company/pult/blog/283548/,0.18913395009463663
https://geektimes.ru/post/283558/,0.5107899754607705
https://habrahabr.ru/post/317306/,0.5245813859248398
https://habrahabr.ru/post/317298/,0.9029258969285221
https://geektimes.ru/company/vertdider/blog/283562/,0.5696861246529679
https://habrahabr.ru/post/317314/,0.5378258770155393
https://habrahabr.ru/post/317318/,0.26188149538699834
https://geektimes.ru/post/283248/,0.6405272846357071
https://habrahabr.ru/post/317312/,1.094165023604588
https://habrahabr.ru/post/317328/,0.17144884152621637
https://habrahabr.ru/post/317330/,1.030618404399906
https://habrahabr.ru/post/317332/,-0.08687804956506645
https://habrahabr.ru/post/317334/,0.4431567590393485
https://geektimes.ru/post/283564/,0.1679507451461163
https://habrahabr.ru/post/317336/,0.17387551251684275
https://geektimes.ru/post/283570/,-0.6822562685120335
https://habrahabr.ru/post/317340/,0.5237659132557125
https://geektimes.ru/post/283572/,-0.791195054417117
https://geektimes.ru/post/283554/,1.0556009154376866
https://geektimes.ru/post/283576/,0.5563228666702884
https://habrahabr.ru/post/317344/,-0.22961546065186378
https://geektimes.ru/post/255262/,1.2874317304943963
https://habrahabr.ru/post/317338/,0.3618367396906145
https://habrahabr.ru/post/317302/,2.0008674123296997
https://habrahabr.ru/post/317348/,0.971855694492411
https://habrahabr.ru/post/317354/,1.4834374697157693
https://geektimes.ru/post/283582/,2.0842167157356837
https://geektimes.ru/post/283578/,-0.5481882339391645
https://habrahabr.ru/post/317296/,0.4151503038148828
https://habrahabr.ru/post/317356/,0.06985120777887474
https://geektimes.ru/post/283584/,-0.19291812543354114
https://geektimes.ru/post/283586/,0.2361252325280127
https://habrahabr.ru/company/zfort/blog/317362/,0.9885889049583131
https://habrahabr.ru/company/kingservers/blog/317364/,0.03598799756288601
https://habrahabr.ru/post/317360/,1.4762506478451503
https://habrahabr.ru/company/zfort/blog/317366/,0.8611361873442529
https://geektimes.ru/post/283566/,0.1713442278045756
https://habrahabr.ru/company/smartprogress/blog/317184/,-0.24779421867897133
https://habrahabr.ru/post/317370/,0.9082297658375282
https://geektimes.ru/company/epson/blog/283514/,-0.060902423755281765
https://habrahabr.ru/company/veeam/blog/317174/,0.38859312846710914
https://habrahabr.ru/company/pvs-studio/blog/317374/,0.005616649518495109
https://geektimes.ru/company/vertdider/blog/283580/,0.82903629504825
https://habrahabr.ru/company/simnetworks/blog/317094/,0.44065575693860387
https://geektimes.ru/post/283592/,1.6626407224503241
https://habrahabr.ru/company/spbifmo/blog/317276/,0.6629166091234632
https://habrahabr.ru/company/parallels/blog/317270/,-0.16449666593516526
https://habrahabr.ru/company/pt/blog/317384/,0.42694777718125415
https://habrahabr.ru/company/softmart/blog/317156/,0.20518718725505952
https://habrahabr.ru/company/parallels/blog/317388/,0.2057053962479461
https://geektimes.ru/company/arttel/blog/283522/,0.6156614320093283
https://geektimes.ru/post/283560/,-0.03822727007078641
https://habrahabr.ru/company/hpe/blog/317368/,-0.39262087800310685
https://habrahabr.ru/post/317394/,1.1772406285078416
https://habrahabr.ru/company/infowatch/blog/317396/,0.28838795916231974
https://habrahabr.ru/post/317378/,-0.32845723098368595
https://habrahabr.ru/company/npl/blog/317246/,0.21571437468663968
https://habrahabr.ru/company/crossover/blog/317404/,-0.9503711415994635
https://habrahabr.ru/company/comptek/blog/317202/,-0.22754051737231606
https://habrahabr.ru/post/317376/,0.6235327276700275
https://habrahabr.ru/post/317408/,0.753379328011816
https://geektimes.ru/company/top3dshop/blog/283594/,0.16499769084764238
https://habrahabr.ru/post/271417/,-0.004993382806700031
https://habrahabr.ru/post/317406/,0.6504794702964444
https://habrahabr.ru/company/rambler-co/blog/317412/,-0.038323734331851544
https://habrahabr.ru/company/panda/blog/317390/,-0.5315648408063102
https://habrahabr.ru/company/muk/blog/317418/,0.35457561974438057
https://habrahabr.ru/company/eset/blog/317420/,0.4051640339941619
https://habrahabr.ru/post/317402/,0.016613332027127836
https://habrahabr.ru/post/317426/,0.32418690651410437
https://habrahabr.ru/post/317432/,0.31833724894665083
https://habrahabr.ru/company/ruvds/blog/317430/,0.9071525373322558
https://habrahabr.ru/post/316706/,-0.2730279219199532
https://habrahabr.ru/post/316086/,1.5280598116393134
https://geektimes.ru/post/283596/,0.2325490326376392
https://habrahabr.ru/company/usedesk/blog/317210/,-0.3364518323055621
https://habrahabr.ru/company/edison/blog/315068/,0.657453012721987
https://geektimes.ru/post/283598/,0.36808187905972395
https://habrahabr.ru/company/billing/blog/317428/,0.2957715331074557
https://geektimes.ru/post/283600/,-0.24760623043620134
https://habrahabr.ru/company/microsoft/blog/317438/,0.03656293698960805
https://habrahabr.ru/post/317444/,0.19307250099446802
https://geektimes.ru/post/283602/,0.5551440156717977
https://habrahabr.ru/post/317078/,0.31779304032537126
https://geektimes.ru/company/audiomania/blog/283606/,-0.39670356657435557
https://habrahabr.ru/company/moikrug/blog/317448/,-0.40684522926023237
https://habrahabr.ru/company/JetBrains/blog/317456/,-0.45452089368368864
https://geektimes.ru/post/283616/,-0.9136306906321253
https://habrahabr.ru/company/appodeal/blog/317460/,-0.22965111062890897
https://habrahabr.ru/post/316752/,0.29177264198871017
https://habrahabr.ru/post/317462/,-0.003787759975061644
https://habrahabr.ru/post/316490/,-0.10382582579836774
https://geektimes.ru/post/283620/,0.37518008436467
https://habrahabr.ru/post/317470/,0.6401771448302105
https://geektimes.ru/post/283622/,1.5494411615522572
https://geektimes.ru/company/dadget/blog/283588/,-0.4490792286718265
https://habrahabr.ru/company/veeam/blog/317472/,0.06088730499611339
https://habrahabr.ru/company/okdesk/blog/317392/,-0.129915444429284
https://habrahabr.ru/post/314948/,1.0229793897959891
https://habrahabr.ru/post/317166/,0.364736120037905
https://habrahabr.ru/company/centosadmin/blog/317182/,0.6245691113599033
https://geektimes.ru/company/klinika_shilovoy/blog/283626/,0.9797709052176832
https://habrahabr.ru/company/intel/blog/317372/,0.17573506603071565
https://habrahabr.ru/company/cbs/blog/317048/,0.23086459235614587
https://habrahabr.ru/post/271959/,-0.19947710172974376
https://habrahabr.ru/post/310828/,0.4820662187017811
https://habrahabr.ru/post/317252/,-0.4204994934172993
https://habrahabr.ru/company/badoo/blog/317442/,0.7173341633526817
https://habrahabr.ru/company/kickidler/blog/317446/,-0.6751390714578531
https://habrahabr.ru/company/microsoft/blog/317478/,-1.0927884831696857
https://habrahabr.ru/company/it-grad/blog/316282/,-0.32461414700103963
https://habrahabr.ru/company/piter/blog/317480/,0.11260618954029317
https://habrahabr.ru/post/317326/,-0.06445831577848432
https://habrahabr.ru/company/comptek/blog/317482/,0.4699674187135131
https://geektimes.ru/post/283630/,0.5862099957840097
https://habrahabr.ru/post/317488/,0.930357429400275
https://geektimes.ru/post/283634/,1.22189806849573
https://habrahabr.ru/company/solarsecurity/blog/317002/,0.9541388682779984
https://habrahabr.ru/company/vasexperts/blog/316272/,-0.05112275560798474
https://geektimes.ru/post/283632/,0.31031293284145284
https://geektimes.ru/post/283636/,0.882481510858489
https://habrahabr.ru/company/tm/blog/317490/,-0.6032902536108697
https://geektimes.ru/post/283640/,-0.8366303213128784
https://geektimes.ru/company/madrobots/blog/283638/,0.6950837107542143
https://habrahabr.ru/company/wrike/blog/317074/,0.17173545170155183
https://habrahabr.ru/company/gvalg/blog/317500/,0.4004460718374137
https://geektimes.ru/company/waves/blog/282868/,0.6601461706913083
https://habrahabr.ru/company/makeright/blog/317474/,0.7440414973256941
https://habrahabr.ru/company/mailru/blog/317440/,0.11143835966924084
https://habrahabr.ru/company/erlyvideo/blog/317494/,0.06774134584674157
https://habrahabr.ru/post/317504/,1.8730551413631358
https://habrahabr.ru/company/mosigra/blog/317506/,-0.812513598793925
https://geektimes.ru/post/283642/,0.1102518834274838
https://habrahabr.ru/company/1c/blog/317508/,-1.3292766516909174
https://habrahabr.ru/company/host-tracker/blog/317468/,0.16009508549635465
https://habrahabr.ru/company/microsoft/blog/317512/,0.6076753753236858
https://habrahabr.ru/post/317498/,0.6807987263209787
https://geektimes.ru/company/sonyxperia/blog/283644/,-1.416639664409996
https://habrahabr.ru/post/317518/,-0.3958632322776796
https://habrahabr.ru/company/planado/blog/317520/,-0.43097512484371137
https://habrahabr.ru/post/317522/,0.12656402945565354
https://habrahabr.ru/post/317528/,0.7692922478244849
https://habrahabr.ru/company/payonline/blog/312392/,-0.7150539704812938
https://geektimes.ru/company/payonline/blog/282664/,-0.902412849023838
https://habrahabr.ru/post/313724/,0.0967006007649224
https://geektimes.ru/post/283652/,-0.5352692658609564
https://habrahabr.ru/post/317514/,0.6383360315274977
https://habrahabr.ru/post/317526/,-0.2845903731559948
https://habrahabr.ru/company/miip/blog/317350/,-0.1258653034871421
https://geektimes.ru/company/bb-mobile/blog/283654/,0.3528160017951355
https://geektimes.ru/company/mailru/blog/283618/,-0.14926048344140525
https://geektimes.ru/post/283656/,0.44310252173217035
https://geektimes.ru/company/wirex/blog/281126/,0.07800912515254735
https://geektimes.ru/company/pochtoy/blog/282570/,0.15004924094862232
https://geektimes.ru/post/283660/,-0.09378565509892056
https://habrahabr.ru/post/317546/,-0.8603038139690479
https://habrahabr.ru/post/317532/,0.6758642978133695
https://habrahabr.ru/post/317550/,-0.004376800278679482
https://geektimes.ru/post/283662/,-0.33448705744256946
https://habrahabr.ru/post/317466/,0.46807919175213497
https://geektimes.ru/company/ibm/blog/283666/,0.8226326494522662
https://habrahabr.ru/company/ibm/blog/317554/,0.56642205671737
https://habrahabr.ru/post/257161/,0.6296530749160512
https://geektimes.ru/post/283628/,0.5632491254143037
https://geektimes.ru/post/283664/,0.9983066482837385
https://habrahabr.ru/post/317196/,0.3497432730305624
https://habrahabr.ru/post/317556/,-0.20972414295606578
https://habrahabr.ru/company/centosadmin/blog/317524/,0.3639345422135428
https://habrahabr.ru/company/regberry/blog/317516/,0.8365904814365914
https://habrahabr.ru/post/317558/,0.6107368741432329
https://habrahabr.ru/post/317434/,0.016119826257429748
https://geektimes.ru/post/283668/,0.4600908282029078
https://habrahabr.ru/company/badoo/blog/317484/,0.13518648939433217
https://geektimes.ru/post/283672/,-1.1812707833386513
https://habrahabr.ru/company/callhelper_kitmedia/blog/317538/,-0.020780453848226965
https://habrahabr.ru/post/317562/,0.5144545694663275
https://geektimes.ru/company/audiomania/blog/283676/,0.6394587321285818
https://habrahabr.ru/company/spbifmo/blog/317454/,0.8207905537404372
https://geektimes.ru/post/283658/,0.2848776276557982
https://habrahabr.ru/company/huawei/blog/317568/,-1.0936721321740772
https://geektimes.ru/post/283674/,0.7961593339777131
https://habrahabr.ru/company/safedata/blog/317574/,0.2531547356800803
https://geektimes.ru/post/283682/,-0.0999993589689745
https://habrahabr.ru/post/317458/,0.5252952334006467
https://habrahabr.ru/post/316836/,0.418971233786484
https://habrahabr.ru/post/317584/,0.24849067136187322
https://habrahabr.ru/post/317534/,0.5978829965420451
https://habrahabr.ru/post/317586/,-0.1632725333132935
https://geektimes.ru/post/283678/,-0.3950980826523186
https://habrahabr.ru/post/317544/,0.859976729142956
https://habrahabr.ru/post/317560/,0.25460884498986214
https://geektimes.ru/post/283688/,-0.4145894110062661
https://geektimes.ru/post/283690/,0.816696649098749
https://geektimes.ru/post/283694/,0.03607421373986952
https://habrahabr.ru/company/intel/blog/317580/,-0.7309621743408178
https://habrahabr.ru/post/317588/,0.7897722081886831
https://habrahabr.ru/post/317564/,0.3448110182092052
https://habrahabr.ru/company/mobio/blog/317496/,-0.7308430442389323
https://habrahabr.ru/post/317598/,-0.17599042641038398
https://habrahabr.ru/company/defconru/blog/317322/,0.3396338352280011
https://habrahabr.ru/company/exante/blog/317596/,-0.6975040290174787
https://geektimes.ru/company/genotek/blog/283704/,0.07645244342952279
https://geektimes.ru/post/283700/,0.7839078458720508
https://habrahabr.ru/post/317602/,0.03143304892761428
https://geektimes.ru/post/283684/,0.6787740079983144
https://geektimes.ru/company/top3dshop/blog/283702/,-0.4295665085249678
https://habrahabr.ru/post/317612/,0.3724707282811469
https://habrahabr.ru/post/317624/,0.35970527943571184
https://habrahabr.ru/post/317610/,0.6529762766466298
https://habrahabr.ru/post/317620/,-0.053521780739821334
https://habrahabr.ru/post/317630/,-0.05651374857162883
https://habrahabr.ru/company/kingservers/blog/317632/,0.6862162360712147
https://habrahabr.ru/post/317622/,1.5386805898314093
https://habrahabr.ru/company/okmeter/blog/316762/,0.2473324829059
https://geektimes.ru/post/283686/,1.0251293618832729
https://geektimes.ru/post/283710/,-0.576272244796443
https://habrahabr.ru/post/316788/,0.6824963299584917
https://habrahabr.ru/company/kaspersky/blog/317644/,-0.058098445644493235
https://habrahabr.ru/post/317548/,0.19658978803577773
https://habrahabr.ru/post/317638/,0.14118469401865086
https://geektimes.ru/post/283714/,-0.9176630215064688
https://habrahabr.ru/post/317654/,-0.32780446769855387
https://habrahabr.ru/post/317656/,0.5832238039217101
https://habrahabr.ru/company/gtv/blog/317648/,0.5679728511158688
https://habrahabr.ru/post/317660/,0.9356624614137556
https://geektimes.ru/company/pochtoy/blog/283712/,-0.49987379284201716
https://geektimes.ru/company/dadget/blog/283624/,-0.20872057112608555
https://habrahabr.ru/post/317662/,0.6933619443640021
https://habrahabr.ru/post/317570/,0.10329516440242892
https://habrahabr.ru/company/smartprogress/blog/317464/,0.7475205333912376
https://habrahabr.ru/post/317666/,0.4631560456030047
https://habrahabr.ru/company/gemaltorussia/blog/317668/,0.5766179616044479
https://habrahabr.ru/company/smartengines/blog/317672/,0.764389167149577
https://habrahabr.ru/post/317642/,0.3228840294225958
https://habrahabr.ru/company/panda/blog/317674/,0.19070074243815205
https://habrahabr.ru/company/yota/blog/317634/,-0.15679107899812145
https://habrahabr.ru/post/314484/,1.1316002762039945
https://habrahabr.ru/company/yandex/blog/317626/,0.49713194317982207
https://habrahabr.ru/company/vivaldi/blog/317676/,0.03213485809354144
https://habrahabr.ru/company/dataline/blog/317670/,-0.32796563205388174
https://habrahabr.ru/company/everydaytools/blog/317664/,1.0032129226912558
https://geektimes.ru/post/283720/,-0.8084583076410122
https://habrahabr.ru/company/jugru/blog/317678/,0.13168844097957585
https://habrahabr.ru/company/it-grad/blog/316284/,-0.8126922590156332
https://geektimes.ru/post/283708/,0.10583910661743279
https://habrahabr.ru/company/testutor/blog/317618/,-0.512262489217463
https://geektimes.ru/post/283698/,0.36981482920671055
https://habrahabr.ru/post/317680/,0.4528396722796459
https://habrahabr.ru/company/mailru/blog/317476/,1.0100294741522577
https://habrahabr.ru/post/317636/,1.8909219400639476
https://geektimes.ru/post/283726/,-0.7845555282876774
https://geektimes.ru/post/283728/,-0.04602114299986709
https://habrahabr.ru/post/317688/,0.8386010543752555
https://habrahabr.ru/company/flyelephant/blog/317690/,-0.2999169203231359
https://geektimes.ru/post/283732/,0.2858610241164542
https://habrahabr.ru/company/intel/blog/317510/,-0.3269870803617012
https://geektimes.ru/post/283680/,-0.09255343921655257
https://geektimes.ru/post/283646/,-0.416817155621499
https://geektimes.ru/post/283730/,0.0004371773381480759
https://geektimes.ru/post/265776/,0.6509271985831049
https://habrahabr.ru/company/bizone/blog/317422/,0.25764080690948904
https://geektimes.ru/post/283738/,0.4607508473940215
https://habrahabr.ru/post/317696/,-0.7814083086390619
https://geektimes.ru/post/283740/,-1.6038882796289649
https://habrahabr.ru/post/317686/,-0.5924659355991949
https://habrahabr.ru/company/squadra-group/blog/317704/,-0.7965334750006784
https://habrahabr.ru/company/huawei/blog/317684/,-0.066907971638482
https://geektimes.ru/post/283744/,0.06868254373445562
https://habrahabr.ru/company/vasexperts/blog/316274/,-0.2610731342546211
https://geektimes.ru/post/283748/,-0.2057440601766547
https://habrahabr.ru/post/317710/,0.6498224181765182
https://habrahabr.ru/post/317714/,-0.28848635664347777
https://habrahabr.ru/company/JetBrains/blog/317716/,0.2781051495719964
https://geektimes.ru/company/mailru/blog/283696/,0.5216455135406992
https://geektimes.ru/post/283750/,-0.9346989107256695
https://geektimes.ru/company/ibm/blog/283752/,-0.6569300228859261
https://habrahabr.ru/company/mailru/blog/317694/,0.018350880444056805
https://geektimes.ru/post/283754/,-0.15755524707803104
https://geektimes.ru/post/283758/,-0.08518782423879584
https://habrahabr.ru/post/317718/,-0.4254120076030118
https://geektimes.ru/post/283756/,-0.6425918743468624
https://geektimes.ru/post/283760/,-0.5668998029424474
https://habrahabr.ru/post/317724/,-0.01784693550685157
https://geektimes.ru/company/mailru/blog/283764/,0.38832705211818447
https://habrahabr.ru/post/317712/,1.8746349421153123
https://habrahabr.ru/post/317728/,0.05354918938768394
https://geektimes.ru/post/283768/,-1.7225740676388805
https://geektimes.ru/post/283762/,1.1036303563290262
https://habrahabr.ru/company/it-grad/blog/316286/,-0.5487173345067914
https://geektimes.ru/company/kingston_technology/blog/283722/,0.7396118984101542
https://geektimes.ru/post/283770/,-0.08104976641060335
https://habrahabr.ru/company/hopox/blog/317722/,-0.007386381346414561
https://habrahabr.ru/post/317650/,0.5880757491085049
https://geektimes.ru/post/283264/,0.6954463099777267
https://habrahabr.ru/company/badoo/blog/317700/,-0.09624885183909376
https://habrahabr.ru/post/317732/,1.77334452774733
https://habrahabr.ru/company/edison/blog/317290/,0.1809595710034916
https://habrahabr.ru/post/317720/,0.9492294110585688
https://habrahabr.ru/post/317346/,0.05884578606204849
https://habrahabr.ru/post/317736/,0.37660744635640264
https://habrahabr.ru/post/317730/,-0.29563883281828995
https://habrahabr.ru/company/tcsbank/blog/317742/,-0.2702370648633855
https://habrahabr.ru/post/317752/,0.6526604787100923
https://habrahabr.ru/post/317754/,-0.44036749105439266
https://geektimes.ru/post/283772/,0.34449771194313666
https://geektimes.ru/company/top3dshop/blog/283774/,-0.615434112612292
https://geektimes.ru/post/283766/,0.34622850634409424
https://habrahabr.ru/post/317708/,1.0960577784366867
https://habrahabr.ru/company/gotech_vc/blog/317758/,-0.75326179748211
https://habrahabr.ru/company/parallels/blog/317748/,0.4808736877022388
https://habrahabr.ru/post/317746/,0.3210950200494243
https://habrahabr.ru/company/piter/blog/317762/,0.9015359128784408
https://geektimes.ru/company/pocketbook/blog/283746/,-0.16665187092482708
https://geektimes.ru/company/makeitlab/blog/283736/,-0.3376357817496949
https://geektimes.ru/post/283778/,0.256105576063997
https://habrahabr.ru/company/npl/blog/317766/,0.47050965691945457
https://geektimes.ru/company/madrobots/blog/283776/,0.6807485249032006
https://geektimes.ru/company/gearbest/blog/283780/,-0.16184669729902873
https://habrahabr.ru/post/317774/,-0.49603347461515035
https://habrahabr.ru/company/lenovo/blog/317772/,-0.8283966509972142
https://habrahabr.ru/company/ruvds/blog/317776/,0.7747476792708132
https://habrahabr.ru/company/sendpulse/blog/317744/,0.05533839707553384
https://habrahabr.ru/post/317576/,-1.0658698726164677
https://geektimes.ru/post/283784/,-0.1895775568352892
https://geektimes.ru/company/vertdider/blog/283786/,0.26661409321485857
https://habrahabr.ru/post/317780/,0.972925192949845
https://geektimes.ru/post/283790/,-0.002704635686790857
https://geektimes.ru/post/283792/,-0.47227017015621897
https://habrahabr.ru/post/317640/,-0.24292340872956897
https://habrahabr.ru/company/edison/blog/317698/,0.3728046701118556
https://habrahabr.ru/post/317784/,-0.6843997343970191
https://geektimes.ru/post/283794/,0.04580523613279325
https://geektimes.ru/company/pult/blog/283788/,1.4358827032434687
https://habrahabr.ru/post/317788/,0.34116344160130624
https://habrahabr.ru/post/317770/,-0.8330441598674468
https://geektimes.ru/post/283800/,-0.3982236380490376
https://habrahabr.ru/company/kaspersky/blog/317794/,0.5005729027675914
https://habrahabr.ru/post/317800/,0.23988342548175456
https://habrahabr.ru/post/317802/,0.2511800144347034
https://habrahabr.ru/post/317796/,1.263745950909876
https://habrahabr.ru/post/317804/,-0.1968796027670624
https://geektimes.ru/post/283796/,-1.4640041655541283
https://habrahabr.ru/post/317810/,0.18623585020824335
https://habrahabr.ru/company/edison/blog/317702/,-0.3517978844571946
https://habrahabr.ru/post/317812/,-0.6528313760992596
https://habrahabr.ru/post/317816/,0.1547461582614792
https://habrahabr.ru/post/317824/,1.0921163675066428
https://habrahabr.ru/post/317818/,0.017122497458786412
https://habrahabr.ru/post/317828/,0.38071525049297333
https://habrahabr.ru/post/314966/,-0.21958717635409097
https://habrahabr.ru/company/efo/blog/317218/,-0.08581880679844694
https://geektimes.ru/post/283806/,0.09315096956821148
https://habrahabr.ru/post/317834/,0.2578056592507901
https://geektimes.ru/post/283808/,0.4690086358864193
https://habrahabr.ru/post/317820/,-0.23055677693325805
https://geektimes.ru/post/283804/,0.6885222093111654
https://habrahabr.ru/company/kingservers/blog/317840/,0.11376598564638596
https://geektimes.ru/post/283802/,1.3005509949406782
https://habrahabr.ru/post/317822/,-0.12243518268452747
https://geektimes.ru/post/283812/,0.08659115285500774
https://habrahabr.ru/company/ibm/blog/317844/,-0.44756692612422355
https://habrahabr.ru/company/edison/blog/317750/,-0.08413636974536826
https://habrahabr.ru/post/317850/,0.9819805530861991
https://habrahabr.ru/post/317854/,-0.345452056173403
https://geektimes.ru/post/283822/,0.30838318894300615
https://geektimes.ru/post/283824/,-0.8297182051634923
https://habrahabr.ru/post/317860/,0.39787113660998286
https://habrahabr.ru/post/317866/,0.4827820073780349
https://habrahabr.ru/post/317868/,0.2461368426972826
https://habrahabr.ru/company/jugru/blog/317806/,0.2565215247083263
https://habrahabr.ru/post/317872/,0.17237098092445213
https://habrahabr.ru/post/317874/,0.08175880834794083
https://habrahabr.ru/post/317880/,-0.30424668984111203
https://habrahabr.ru/company/zfort/blog/317886/,0.7404112445934719
https://habrahabr.ru/post/314198/,0.1018178109135838
https://habrahabr.ru/post/204496/,0.6438407413459353
https://geektimes.ru/post/283810/,0.17750383292446617
https://habrahabr.ru/post/317896/,0.06327767097910775
https://habrahabr.ru/company/smartprogress/blog/317400/,0.784990624780277
https://habrahabr.ru/company/callhelper_kitmedia/blog/317870/,-0.1935870006082504
https://habrahabr.ru/company/pvs-studio/blog/317900/,-0.09341457665438052
https://habrahabr.ru/company/vasexperts/blog/316276/,0.2183791408566634
https://habrahabr.ru/company/jugru/blog/317764/,0.9939062361978913
https://habrahabr.ru/post/317908/,-0.14441993452316754
https://habrahabr.ru/company/megafon/blog/317740/,-0.08132730911185809
https://geektimes.ru/company/top3dshop/blog/283830/,0.5263365124367945
https://habrahabr.ru/post/317814/,-0.001035554599884414
https://habrahabr.ru/post/317914/,-1.03502591556181
https://habrahabr.ru/company/microsoft/blog/312054/,0.1357386938705125
https://habrahabr.ru/company/Voximplant/blog/317858/,-0.1766195328482852
https://habrahabr.ru/company/regionsoft/blog/317912/,-1.363914176177675
https://geektimes.ru/company/gearbest/blog/283816/,0.09642333446820517
https://geektimes.ru/post/283834/,0.6006274611750073
https://habrahabr.ru/company/hpe/blog/317848/,0.11298459849420153
https://geektimes.ru/post/283828/,-0.5032888547412696
https://geektimes.ru/post/283838/,0.17451955067761454
https://habrahabr.ru/company/centosadmin/blog/317922/,0.3132387067190468
https://habrahabr.ru/post/317928/,0.5916638829783721
https://habrahabr.ru/post/317924/,0.34405679061171673
https://habrahabr.ru/post/317894/,-0.9415474192811165
https://habrahabr.ru/company/zadarma/blog/316592/,-0.22707947079408508
https://geektimes.ru/post/283840/,0.5861280075214026
https://habrahabr.ru/post/317852/,-1.3060459537939666
https://habrahabr.ru/company/1cloud/blog/317940/,0.43062869257598985
https://habrahabr.ru/company/yandex/blog/317910/,0.7552916730283974
https://habrahabr.ru/post/317942/,0.37583681442274347
https://geektimes.ru/company/hfhe/blog/283844/,-0.4391293910149925
https://geektimes.ru/post/283826/,0.004591924858425911
https://habrahabr.ru/post/317950/,0.5477806157766016
https://habrahabr.ru/company/everydaytools/blog/317934/,-0.5289303174189971
https://geektimes.ru/company/lenovo/blog/283814/,0.3737448382759696
https://habrahabr.ru/post/317958/,0.4820559592274678
https://habrahabr.ru/company/ruvds/blog/317956/,-0.3227974258570424
https://habrahabr.ru/company/sap/blog/317962/,-0.339798712511462
https://geektimes.ru/post/283842/,0.575938384979409
https://habrahabr.ru/company/comptek/blog/317966/,0.7337211832011334
https://habrahabr.ru/post/317968/,-0.6540978202926646
https://habrahabr.ru/company/miip/blog/317918/,0.8570415785447819
https://habrahabr.ru/post/317970/,1.2384477096312136
https://habrahabr.ru/company/plarium/blog/317976/,0.45958233495174394
https://habrahabr.ru/post/317974/,-0.5393766610968795
https://habrahabr.ru/company/dataart/blog/317978/,-0.8783339196294443
https://habrahabr.ru/company/wunderfund/blog/317930/,-0.19954963362485179
https://habrahabr.ru/post/317984/,0.04667829274616547
https://habrahabr.ru/post/317982/,-0.0371262724057525
https://habrahabr.ru/post/317990/,-0.35824668634862034
https://habrahabr.ru/post/317998/,1.358277660561408
https://habrahabr.ru/post/316912/,1.020212225675936
https://habrahabr.ru/company/jugru/blog/317628/,0.5053567842554513
https://habrahabr.ru/post/317980/,0.22226205617394285
https://geektimes.ru/company/dadget/blog/283650/,-0.28047099389773134
https://habrahabr.ru/post/318002/,0.28284641171602587
https://geektimes.ru/company/kingston_technology/blog/283846/,-0.4078272123258083
https://habrahabr.ru/company/mobileup/blog/317954/,-1.5114394850736312
https://habrahabr.ru/post/317882/,1.0295221392467537
https://geektimes.ru/post/283852/,1.1819388436430305
https://habrahabr.ru/post/318004/,0.8979169636743717
https://habrahabr.ru/post/318006/,1.0897703257645617
https://habrahabr.ru/post/317578/,0.3877731854308471
https://habrahabr.ru/company/veeam/blog/317952/,-0.2082175235842253
https://geektimes.ru/company/klinika_shilovoy/blog/283858/,0.05475410578940321
https://habrahabr.ru/post/318010/,-0.6117651217711455
https://habrahabr.ru/company/redmadrobot/blog/317988/,0.2487368454102592
https://habrahabr.ru/company/parallels/blog/317994/,1.2920429616331615
https://habrahabr.ru/company/usabilitylab/blog/318016/,0.8267515664100124
https://habrahabr.ru/company/kickidler/blog/317948/,0.27291193753388054
https://habrahabr.ru/post/317756/,0.2918231036143682
https://habrahabr.ru/company/intel/blog/318012/,-0.6926654613283859
https://habrahabr.ru/post/318022/,0.5283350835297729
https://geektimes.ru/company/asus/blog/283848/,-0.0840568367560588
https://habrahabr.ru/post/318024/,0.06817413765801991
https://habrahabr.ru/company/badoo/blog/317964/,-0.3417983081925987
https://habrahabr.ru/post/316858/,0.15124466942382506
https://habrahabr.ru/post/317786/,0.4889975617255624
https://habrahabr.ru/company/e-Legion/blog/317706/,0.33381149510118774
https://habrahabr.ru/company/infowatch/blog/318026/,0.19929470708530836
https://habrahabr.ru/company/muk/blog/318028/,-0.09507970351501371
https://habrahabr.ru/company/piter/blog/318018/,0.5744265533373978
https://habrahabr.ru/company/friifond/blog/318032/,-0.0015510119431081937
https://geektimes.ru/company/audiomania/blog/283862/,0.6816209026243031
https://habrahabr.ru/company/smi2/blog/317682/,0.8661746409992875
https://habrahabr.ru/company/surfingbird/blog/318034/,-0.9387994363109334
https://geektimes.ru/post/283866/,1.1483645757765601
https://habrahabr.ru/company/softmart/blog/318030/,-0.019552993248272088
https://habrahabr.ru/company/livetyping/blog/317904/,0.3496953608273946
https://habrahabr.ru/company/SECL_GROUP/blog/318038/,0.5869323176455272
https://habrahabr.ru/company/rambler-co/blog/317792/,-0.9805529437372585
https://habrahabr.ru/post/318040/,0.6463086230700099
https://habrahabr.ru/post/318014/,0.6364920093871607
https://habrahabr.ru/company/arcadia/blog/316862/,-0.04962513860729556
https://habrahabr.ru/post/318046/,0.4262675423355516
https://habrahabr.ru/company/ruvds/blog/318048/,0.3745188404202534
https://geektimes.ru/company/makeitlab/blog/280568/,0.5337932713102066
https://geektimes.ru/post/283850/,-0.5132050951417726
https://habrahabr.ru/post/314050/,0.5897986369748869
https://habrahabr.ru/post/318054/,1.5649757314788504
https://habrahabr.ru/post/318052/,0.5978995410379079
https://habrahabr.ru/post/318058/,0.7015891513566539
https://geektimes.ru/company/dell/blog/283872/,-0.6193959343984156
https://habrahabr.ru/company/mailru/blog/318008/,0.1289452589644795
https://habrahabr.ru/company/pt/blog/318050/,0.032664022348857236
https://habrahabr.ru/post/318060/,-0.4871554473550891
https://habrahabr.ru/company/jugru/blog/317938/,0.22084906137979946
https://habrahabr.ru/post/318056/,0.017736321564591928
https://geektimes.ru/company/madrobots/blog/283870/,-0.14170000551202505
https://habrahabr.ru/company/pt/blog/318070/,-1.314092103638941
https://habrahabr.ru/post/318072/,0.04273512084047543
https://habrahabr.ru/company/comparex/blog/318078/,0.33989575480336987
https://habrahabr.ru/company/icl_services/blog/318084/,0.5727390930164826
https://habrahabr.ru/post/318086/,0.7914839045593867
https://geektimes.ru/post/283876/,-0.6330482937177948
https://habrahabr.ru/company/geekbrains/blog/318074/,-1.1228044755769346
https://geektimes.ru/post/283878/,0.2697923667968418
https://habrahabr.ru/post/317878/,0.25828023003579476
https://habrahabr.ru/post/318096/,0.9662893710780783
https://habrahabr.ru/company/plesk/blog/318100/,-0.24136560848091893
https://habrahabr.ru/company/smartprogress/blog/317778/,0.26963778866146015
https://habrahabr.ru/company/everydaytools/blog/317232/,0.015499728875143337
https://geektimes.ru/company/nag/blog/283886/,0.06725029855753167
https://habrahabr.ru/company/regberry/blog/318068/,0.31364497316579565
https://habrahabr.ru/company/netcracker/blog/318088/,0.029180418828851695
https://habrahabr.ru/post/318102/,0.15096441636451333
https://geektimes.ru/post/283892/,0.4403408238415796
https://habrahabr.ru/post/318104/,-0.1226318058008386
https://geektimes.ru/company/pult/blog/283888/,0.3351730967930928
https://habrahabr.ru/post/318106/,1.1996795440244226
https://geektimes.ru/post/283894/,-0.5401851382833889
https://geektimes.ru/company/top3dshop/blog/283890/,0.05018563336911708
https://habrahabr.ru/company/badoo/blog/317864/,0.5404891511900513
https://habrahabr.ru/post/318110/,1.1850336009862197
https://geektimes.ru/post/283884/,-0.6867437161548694
https://habrahabr.ru/post/318112/,0.05534972715409736
https://habrahabr.ru/post/317996/,0.2469132548601581
https://habrahabr.ru/post/318120/,0.5186095729884159
https://habrahabr.ru/post/318122/,-0.49881920752114617
https://habrahabr.ru/company/mailru/blog/318116/,-0.2945540371450349
https://geektimes.ru/post/283900/,0.755800706565636
https://habrahabr.ru/post/318126/,0.17595156764170516
https://habrahabr.ru/company/pt/blog/318128/,0.6291857203433296
https://geektimes.ru/company/ibm/blog/283902/,-0.6639474204841862
https://geektimes.ru/company/waves/blog/283904/,-0.8288457516624786
https://geektimes.ru/post/283906/,-0.8077661622030817
https://habrahabr.ru/company/gotech_vc/blog/318134/,-0.629761870127984
https://habrahabr.ru/company/JetBrains/blog/317936/,-0.8633024698655168
https://habrahabr.ru/post/318138/,0.4339694614558641
https://habrahabr.ru/post/318118/,1.2398233990798508
https://habrahabr.ru/company/planado/blog/318140/,-0.7664349303779671
https://geektimes.ru/company/innos/blog/283908/,0.8950404757573064
https://geektimes.ru/company/mailru/blog/283898/,-0.45834371125708295
https://habrahabr.ru/company/jugru/blog/317972/,-0.09303284316121752
https://habrahabr.ru/post/318146/,1.2768227948641924
https://habrahabr.ru/company/miip/blog/317398/,-0.27385691827642167
https://habrahabr.ru/post/318148/,0.412918951425694
https://habrahabr.ru/post/318066/,0.236385120165389
https://habrahabr.ru/post/318154/,-0.5200542545410779
https://geektimes.ru/post/283912/,-0.3082747506132333
https://geektimes.ru/post/283916/,-0.08886594265749953
https://habrahabr.ru/post/318162/,1.5773004405977082
https://geektimes.ru/post/283914/,0.8669691960131977
https://habrahabr.ru/post/317906/,0.9036776620433105
https://habrahabr.ru/company/kingservers/blog/318172/,-0.8843834934858578
https://geektimes.ru/post/283918/,-0.9802905252806752
https://geektimes.ru/post/283920/,-0.6547879547569317
https://habrahabr.ru/post/318180/,-0.8301367312146403
https://habrahabr.ru/post/318182/,-0.3902271551953095
https://geektimes.ru/company/dadget/blog/283924/,-0.20678062119934015
https://habrahabr.ru/company/simbirsoft/blog/317916/,0.40315524718787304
https://habrahabr.ru/post/318174/,0.6143751269730224
https://geektimes.ru/company/lakhta_center/blog/283836/,0.18390080619438579
https://habrahabr.ru/company/gemaltorussia/blog/318186/,0.528743237247797
https://habrahabr.ru/company/croc/blog/318184/,0.6159732973790688
https://habrahabr.ru/company/dataline/blog/318188/,0.047993140505283194
https://habrahabr.ru/post/317932/,-0.6804124672135651
https://habrahabr.ru/company/it-grad/blog/316290/,-0.5149049051160046
https://habrahabr.ru/company/testutor/blog/318080/,-0.7260752434265628
https://geektimes.ru/company/nag/blog/283926/,-0.6985698495874163
https://geektimes.ru/company/kingston_technology/blog/283868/,-0.9099713805378725
https://geektimes.ru/post/283930/,0.9586285696595102
https://habrahabr.ru/post/318190/,0.7309270391406397
https://habrahabr.ru/post/317856/,0.16539880108367427
https://habrahabr.ru/post/318198/,1.2436153128296505
https://geektimes.ru/company/hashflare/blog/283882/,-0.46597669095451055
https://geektimes.ru/post/283874/,1.8389140509231
https://habrahabr.ru/post/318204/,0.6191489651542895
https://geektimes.ru/post/283934/,-1.1782049850165035
https://habrahabr.ru/company/wrike/blog/318136/,0.2564788532738815
https://habrahabr.ru/company/npl/blog/318208/,-0.10231673246179201
https://habrahabr.ru/post/318210/,0.0823323365492322
https://habrahabr.ru/post/317836/,0.10289944058570225
https://geektimes.ru/company/top3dshop/blog/283932/,-0.6848852176869707
https://geektimes.ru/post/283512/,0.4288086445685279
https://geektimes.ru/post/283936/,-1.170636031456341
https://habrahabr.ru/post/318216/,0.41956549232190327
https://habrahabr.ru/post/318214/,1.298370731671378
https://geektimes.ru/post/283940/,0.15780359314104478
https://habrahabr.ru/company/everydaytools/blog/318212/,0.44698874365160873
https://geektimes.ru/post/283938/,0.5172346285490801
https://habrahabr.ru/company/supereon/blog/318218/,-0.013577300800972802
https://habrahabr.ru/post/318220/,-0.03934614870471531
https://habrahabr.ru/post/318224/,0.27488836288925833
https://geektimes.ru/post/283910/,0.2766504429208616
https://habrahabr.ru/post/318228/,0.4543813508216495
https://habrahabr.ru/post/318230/,-0.19348657131975833
https://habrahabr.ru/company/scorocode/blog/317450/,-0.029262399283256635
https://habrahabr.ru/post/318232/,0.30738277996563335
https://habrahabr.ru/company/jugru/blog/318168/,-0.6481204300822537
https://geektimes.ru/post/283946/,-0.47532237873543826
https://habrahabr.ru/post/318236/,0.7379052536986629
https://geektimes.ru/company/mailru/blog/283942/,0.2119065572974711
https://habrahabr.ru/post/318234/,0.4081783659872479
https://habrahabr.ru/post/318240/,0.5955379991172748
https://habrahabr.ru/company/ibm/blog/318246/,-1.2450427755078528
https://habrahabr.ru/company/pt/blog/318250/,-0.6721374567444894
https://habrahabr.ru/post/318254/,0.9254563482278537
https://habrahabr.ru/post/317884/,0.8487753172536788
https://habrahabr.ru/post/318256/,0.9017837010250064
https://habrahabr.ru/post/317158/,0.7409066507416342
https://habrahabr.ru/post/318264/,-0.22982325718678265
https://geektimes.ru/post/283952/,-0.522979918220597
https://habrahabr.ru/post/318258/,0.17223428121597453
https://habrahabr.ru/post/318200/,-0.1290631570679781
https://habrahabr.ru/post/318268/,0.5803382005979348
https://geektimes.ru/post/283956/,-0.005582519112294515
https://geektimes.ru/post/283950/,-0.3965240546514426
https://habrahabr.ru/post/318274/,0.44639302400165237
https://habrahabr.ru/company/kaspersky/blog/318262/,-0.2801218891847165
https://geektimes.ru/post/283962/,0.8972209397329118
https://habrahabr.ru/company/ncloudtech/blog/318044/,-0.21335394959534215
https://geektimes.ru/company/pult/blog/283960/,0.18603368423214153
https://habrahabr.ru/post/318276/,0.04988459175790999
https://habrahabr.ru/post/318278/,0.7624658831906026
https://habrahabr.ru/company/it-grad/blog/316292/,0.0016458364547421445
https://habrahabr.ru/company/selectel/blog/318284/,0.5648450340131349
https://habrahabr.ru/company/1cloud/blog/318286/,0.6281563862831072
https://habrahabr.ru/company/cloud4y/blog/318288/,-0.7583285536653511
https://habrahabr.ru/company/parallels/blog/318170/,-0.28687536793872037
https://habrahabr.ru/company/microsoft/blog/318130/,0.08038041466413118
https://habrahabr.ru/company/exante/blog/318272/,0.6717441895577525
https://habrahabr.ru/post/318292/,-0.3902216674264959
https://geektimes.ru/post/283968/,0.8808785164227473
https://habrahabr.ru/post/318296/,0.3728433440769437
https://geektimes.ru/company/audiomania/blog/283966/,-0.13856018709620754
https://geektimes.ru/post/283964/,0.7149826547142246
https://habrahabr.ru/company/everydaytools/blog/318298/,-0.6877865755245077
https://habrahabr.ru/company/contell/blog/317382/,0.6688958766940758
https://geektimes.ru/post/283974/,-0.754045914878334
https://habrahabr.ru/company/ua-hosting/blog/318290/,-0.35900328741499477
https://habrahabr.ru/company/qiwi/blog/318300/,-0.6002878935822629
https://habrahabr.ru/post/318242/,0.8057199462557059
https://geektimes.ru/company/top3dshop/blog/283976/,0.4008897947008193
https://habrahabr.ru/post/318302/,-0.3823870263227165
https://habrahabr.ru/post/318306/,0.7249817301383328
https://geektimes.ru/post/283972/,0.6403023680965836
https://habrahabr.ru/company/JetBrains/blog/318304/,-0.6594055019808063
https://habrahabr.ru/company/muk/blog/318310/,-0.20121984407617666
https://geektimes.ru/post/283984/,1.1370556647392593
https://geektimes.ru/post/283980/,-1.239453057557455
https://habrahabr.ru/company/pvs-studio/blog/318312/,-0.3135843203300127
https://habrahabr.ru/company/cpp_russia/blog/317386/,-0.062195146418642155
https://habrahabr.ru/company/1cloud/blog/318316/,-0.14786202156862854
https://habrahabr.ru/post/318318/,0.41818370279803063
https://habrahabr.ru/post/318320/,-0.3258105424069816
https://habrahabr.ru/post/318324/,0.7445905827505379
https://habrahabr.ru/company/ruvds/blog/318322/,0.5925914118578322
https://habrahabr.ru/post/317552/,-0.712997710540405
https://geektimes.ru/post/283986/,-0.12044416989002454
https://geektimes.ru/company/madrobots/blog/283944/,0.08166161662274066
https://geektimes.ru/company/advocam/blog/283982/,0.07449781516340861
https://geektimes.ru/post/283990/,0.17381051074066886
https://geektimes.ru/post/283958/,0.944705374208666
https://geektimes.ru/company/hfhe/blog/283988/,0.3340057614675172
https://geektimes.ru/company/genotek/blog/283992/,0.390656833713479
https://habrahabr.ru/post/318150/,0.07842765105989494
https://habrahabr.ru/post/318330/,-0.01917173745646461
https://geektimes.ru/post/283994/,0.6821845922653684
https://habrahabr.ru/post/318042/,-0.12453322971246583
https://habrahabr.ru/company/piter/blog/318334/,-0.22546852430013598
https://habrahabr.ru/company/ru_mts/blog/318338/,-0.38228600755498343
https://geektimes.ru/post/283996/,0.01182901873275971
https://geektimes.ru/post/283998/,-0.011598103722845088
https://geektimes.ru/post/284000/,0.4273791112803189
https://geektimes.ru/post/284002/,0.42974908551471597
https://habrahabr.ru/post/318352/,0.7104354962387711
https://geektimes.ru/post/284004/,-0.0488587918954701
https://habrahabr.ru/post/318342/,0.4489946384623528
https://habrahabr.ru/company/kingservers/blog/318354/,0.17213351117621975
https://geektimes.ru/post/284006/,-0.3595607604429173
https://habrahabr.ru/post/318340/,-0.0427936732248726
https://geektimes.ru/post/284008/,0.8083198541667809
https://habrahabr.ru/post/318364/,1.2914121339932954
https://habrahabr.ru/post/318366/,0.7384131806184449
https://habrahabr.ru/post/318368/,0.8378997668207542
https://habrahabr.ru/post/318372/,0.561405438596417
https://geektimes.ru/company/pult/blog/284018/,-0.035390041478442436
https://habrahabr.ru/post/318370/,-1.159689656338211
https://geektimes.ru/post/284022/,0.21227941922414148
https://geektimes.ru/post/284026/,0.46122365316968583
https://habrahabr.ru/post/318362/,-0.24920446493279313
https://habrahabr.ru/post/318378/,0.6210437611966688
https://geektimes.ru/post/284028/,-0.03788151655508981
https://geektimes.ru/post/284024/,1.414152820983455
https://habrahabr.ru/post/318374/,-0.07951103952453403
https://geektimes.ru/post/284030/,-0.2241172279810133
https://geektimes.ru/post/283590/,1.197359502112485
https://geektimes.ru/post/284032/,0.5470458324105684
https://geektimes.ru/company/top3dshop/blog/284034/,0.864008417992874
https://habrahabr.ru/post/318386/,0.7808221930010777
https://geektimes.ru/post/284036/,0.13011971229002714
https://habrahabr.ru/post/318388/,0.7451491889837845
https://geektimes.ru/post/284042/,0.22696006748672887
https://habrahabr.ru/post/318392/,0.3437092745455249
https://geektimes.ru/post/284044/,0.23285284517934282
https://geektimes.ru/post/284046/,0.5392154265750034
https://geektimes.ru/post/284050/,-0.3070811864813505
https://geektimes.ru/post/284054/,0.39053393904219386
https://geektimes.ru/post/283954/,-0.16889112375750787
https://habrahabr.ru/company/zfort/blog/318404/,0.9540228782979957
https://habrahabr.ru/company/kingservers/blog/318406/,-0.26416763306746227
https://habrahabr.ru/company/zfort/blog/318410/,0.015359698337273242
https://habrahabr.ru/post/318412/,0.016502267438395724
https://habrahabr.ru/post/318416/,-0.09865655953471913
https://geektimes.ru/post/283880/,0.9148622077509877
https://habrahabr.ru/post/318384/,0.8939848791976892
https://habrahabr.ru/post/318424/,0.17218851511942473
https://geektimes.ru/company/nag/blog/284064/,-0.42339171722223334
https://habrahabr.ru/post/317760/,0.004809003333765438
https://habrahabr.ru/post/316234/,1.015612926415268
https://habrahabr.ru/company/mosigra/blog/318428/,-0.25511370584955606
https://habrahabr.ru/company/microsoft/blog/318178/,-0.7064126784319623
https://habrahabr.ru/post/314376/,0.82474603040578
https://habrahabr.ru/company/smartprogress/blog/318390/,0.21806498561347729
https://habrahabr.ru/company/cbs/blog/318326/,-0.004701978371529636
https://habrahabr.ru/post/318164/,1.0266090577619194
https://habrahabr.ru/company/abbyy/blog/318328/,-0.24033390468166127
https://habrahabr.ru/company/pc-administrator/blog/318414/,-1.0328732688173807
https://geektimes.ru/company/audiomania/blog/284068/,0.15797661073472993
https://geektimes.ru/post/283742/,-0.30566682312312143
https://habrahabr.ru/company/1cloud/blog/318430/,0.4075086364205167
https://habrahabr.ru/post/318434/,0.44010907804374866
https://geektimes.ru/post/284070/,0.5620824983413067
https://habrahabr.ru/company/infopulse/blog/318396/,0.06055631288855706
https://geektimes.ru/post/280560/,0.6540195050008843
https://habrahabr.ru/post/318376/,0.3272205568144613
https://habrahabr.ru/post/318440/,-0.40911647050151034
https://habrahabr.ru/company/vasexperts/blog/316278/,0.08731942874532181
https://geektimes.ru/company/hfhe/blog/284058/,-0.5311920982751037
https://habrahabr.ru/company/spbifmo/blog/318444/,0.3288576816574637
https://habrahabr.ru/post/318448/,1.154331563434838
https://habrahabr.ru/post/318418/,0.5669453608034318
https://habrahabr.ru/company/payonline/blog/312370/,-0.6987219667194876
https://geektimes.ru/company/nag/blog/284076/,-0.11023488362489992
https://habrahabr.ru/post/318458/,0.2847678742941948
https://geektimes.ru/post/284078/,2.1465080880887943
https://habrahabr.ru/company/dca/blog/318464/,0.16003410527312623
https://geektimes.ru/company/gearbest/blog/284080/,0.00019769325622037703
https://habrahabr.ru/post/318466/,0.06400979703018445
https://habrahabr.ru/post/318468/,0.528153713293341
https://habrahabr.ru/company/1cloud/blog/318432/,0.24465571600798303
https://habrahabr.ru/post/318470/,-0.013659956655784955
https://habrahabr.ru/post/318394/,0.06541479594866029
https://habrahabr.ru/company/redmadrobot/blog/318222/,0.9320911468544218
https://habrahabr.ru/post/318456/,0.6916878272882587
https://habrahabr.ru/company/badoo/blog/318000/,0.1534721835669053
https://habrahabr.ru/post/318472/,0.5095639227381326
https://geektimes.ru/post/284084/,-0.3295234167501042
https://habrahabr.ru/company/mailru/blog/318282/,0.9186744082827082
https://habrahabr.ru/post/318474/,0.2610741221521106
https://habrahabr.ru/company/inoventica/blog/318478/,0.11330785746224467
https://geektimes.ru/post/284088/,0.2994820696125319
https://habrahabr.ru/company/ruvds/blog/318476/,-0.2416098098626166
https://habrahabr.ru/post/318484/,0.6777019746527249
https://habrahabr.ru/post/318482/,0.3011599215077076
https://habrahabr.ru/post/318480/,1.0505385715593731
https://habrahabr.ru/post/318486/,0.7542200755134287
https://geektimes.ru/post/284086/,-0.9485933178950715
https://habrahabr.ru/company/moikrug/blog/318488/,-0.5578726349753867
https://geektimes.ru/post/284090/,-1.5701665790022332
https://habrahabr.ru/post/304634/,-0.027214992424977713
https://habrahabr.ru/post/318496/,0.16303616750844627
https://habrahabr.ru/post/318498/,0.47673218465193223
https://habrahabr.ru/company/mailru/blog/318460/,-0.015137192468817728
https://geektimes.ru/post/284096/,-0.7816491030807556
https://geektimes.ru/post/284098/,-0.16372687458097474
https://habrahabr.ru/post/318502/,1.1827397757625269
https://geektimes.ru/post/284100/,-0.799714904245539
https://habrahabr.ru/post/318436/,0.07092013025722332
https://habrahabr.ru/post/318518/,-0.10487535549694493
https://geektimes.ru/post/284052/,0.5729839497202833
https://geektimes.ru/post/284106/,-0.04198072915070322
https://habrahabr.ru/post/318520/,1.4709125356724062
https://geektimes.ru/company/dadget/blog/283574/,0.15960547095641314
https://habrahabr.ru/post/318244/,0.61815143609699
https://geektimes.ru/company/kingston_technology/blog/284072/,0.6664396932835053
https://habrahabr.ru/company/virtuozzo/blog/318522/,0.745692794433797
https://habrahabr.ru/company/pvs-studio/blog/318528/,-0.7339433508592778
https://habrahabr.ru/company/centosadmin/blog/316902/,0.8285674361511896
https://habrahabr.ru/company/parallels/blog/318526/,0.184284489066255
https://habrahabr.ru/post/318446/,-0.17069833932168865
https://habrahabr.ru/post/316586/,0.5933463141578378
https://habrahabr.ru/post/318530/,0.8162505371663171
https://habrahabr.ru/company/mosigra/blog/318514/,-0.23309110475004258
https://habrahabr.ru/company/intems/blog/318426/,-1.29066206971491
https://geektimes.ru/company/klinika_shilovoy/blog/284108/,0.41587285421361014
https://habrahabr.ru/company/croc/blog/318532/,-0.23189154802101686
https://habrahabr.ru/company/1cloud/blog/318534/,-0.16770069124087872
https://habrahabr.ru/company/makeright/blog/318308/,0.26794558062548823
https://habrahabr.ru/company/wunderfund/blog/318454/,0.25476185077575697
https://geektimes.ru/post/284012/,1.3119286345731545
https://habrahabr.ru/company/it-grad/blog/318536/,0.2409447891318028
https://habrahabr.ru/company/hh/blog/318450/,0.061159938944585934
https://habrahabr.ru/post/318548/,0.5948538598779185
https://habrahabr.ru/company/infobip/blog/318552/,-1.2014256983348774
https://habrahabr.ru/post/318546/,0.11628214345163845
https://habrahabr.ru/company/intel/blog/318494/,0.21416730060451578
https://geektimes.ru/post/284116/,0.36532959616012034
https://geektimes.ru/post/284114/,-1.2262059803995657
https://habrahabr.ru/company/piter/blog/318550/,0.0856580213682056
https://habrahabr.ru/post/318556/,0.46201476049310475
https://habrahabr.ru/post/318558/,0.4071624067010788
https://habrahabr.ru/company/friifond/blog/318560/,-0.48805925729276767
https://geektimes.ru/company/mvideo/blog/284122/,0.03829464080567274
https://habrahabr.ru/company/gvalg/blog/318562/,-0.15208915982852794
https://geektimes.ru/company/banderolka/blog/284094/,0.7895898384874045
https://habrahabr.ru/post/318568/,0.8458704465351977
https://geektimes.ru/company/advocam/blog/284124/,-0.728903481933398
https://habrahabr.ru/company/3cx/blog/318578/,-1.039804873099337
https://habrahabr.ru/company/goto/blog/318260/,0.4380222803200971
https://habrahabr.ru/post/318564/,0.47956730601702147
https://habrahabr.ru/post/318584/,0.1787940622623858
https://habrahabr.ru/company/spbifmo/blog/318576/,0.2861172777958432
https://habrahabr.ru/company/surfingbird/blog/318586/,-0.4765628986756726
https://habrahabr.ru/post/318588/,-0.13761307745625417
https://habrahabr.ru/company/everydaytools/blog/318570/,-0.06893685779946657
https://habrahabr.ru/company/ivideon/blog/318590/,0.7276696133029616
https://habrahabr.ru/post/318572/,0.13810914013962786
https://habrahabr.ru/post/318594/,0.9913136404100527
https://habrahabr.ru/company/SECL_GROUP/blog/318598/,1.382878767277596
https://habrahabr.ru/post/318600/,1.1595780121781658
https://geektimes.ru/company/mailru/blog/284126/,0.08475743470980157
https://habrahabr.ru/post/318602/,0.45808937533189703
https://habrahabr.ru/company/pt/blog/318606/,-0.1088455247803718
https://geektimes.ru/company/top3dshop/blog/284132/,-0.09961753243872967
https://geektimes.ru/post/284138/,-0.8660720838944068
https://habrahabr.ru/company/JetBrains/blog/318608/,-0.9691908789215421
https://habrahabr.ru/company/yasno_tv/blog/318610/,0.6256677503019998
https://geektimes.ru/post/284056/,0.288287315830359
https://habrahabr.ru/post/318612/,0.036105318692785826
https://geektimes.ru/post/284144/,0.531469889371911
https://geektimes.ru/post/284146/,1.126371846659886
https://geektimes.ru/post/284142/,-0.09023441287771733
https://habrahabr.ru/company/ibm/blog/318614/,-1.041850296732128
https://geektimes.ru/company/ibm/blog/284150/,-0.21844140100851284
https://geektimes.ru/post/284152/,-0.829117666829008
https://habrahabr.ru/post/318620/,0.40134490296620906
https://geektimes.ru/post/284158/,-0.21934533430677805
https://geektimes.ru/post/284102/,0.013343677029770185
https://habrahabr.ru/post/317738/,0.016545029600301298
https://habrahabr.ru/post/318500/,0.19667361367855846
https://geektimes.ru/company/kingston_technology/blog/284136/,0.19995718192065998
https://habrahabr.ru/company/infoculture/blog/318596/,-0.4203758632721327
https://habrahabr.ru/post/320322/,-0.6203791798650437
https://habrahabr.ru/company/cbs/blog/318592/,-0.16995134093742637
https://habrahabr.ru/post/317876/,0.652135351003061
https://geektimes.ru/company/lakhta_center/blog/284082/,0.33085792032672834
https://habrahabr.ru/post/318350/,0.6491583231954361
https://habrahabr.ru/post/318626/,-0.0715481343413808
https://geektimes.ru/company/motorica/blog/284074/,-0.44542814753503046
https://geektimes.ru/post/284160/,-0.5331900832881746
https://habrahabr.ru/company/safedata/blog/318582/,0.2987418041741203
https://geektimes.ru/company/vertdider/blog/284164/,0.14252607717764365
https://geektimes.ru/company/lenovo/blog/284154/,-1.0309661557953893
https://geektimes.ru/company/legoeducation/blog/284130/,-0.23524338428450653
https://habrahabr.ru/post/318634/,0.7641312001399796
https://habrahabr.ru/post/318438/,1.0099377255257482
https://habrahabr.ru/company/huawei/blog/318636/,-0.07714162404516728
https://habrahabr.ru/company/intel/blog/318628/,-0.35272664138613374
https://habrahabr.ru/company/mobio/blog/318630/,-0.6284884874146117
https://habrahabr.ru/company/infopulse/blog/318618/,0.08021432564266753
https://habrahabr.ru/post/318642/,0.16160928794712323
https://habrahabr.ru/post/318644/,0.1298530313859848
https://geektimes.ru/company/hfhe/blog/284156/,-0.45723378275703763
https://geektimes.ru/company/sonyxperia/blog/284148/,0.9033481276586482
https://habrahabr.ru/post/318332/,0.6926777628923111
https://habrahabr.ru/company/first/blog/318646/,1.3116544790116453
https://geektimes.ru/company/madrobots/blog/284134/,0.5788963660734869
https://geektimes.ru/post/284168/,-0.7935217121506141
https://geektimes.ru/post/284166/,-0.5713000216297128
https://habrahabr.ru/post/318604/,0.6524835334746113
https://habrahabr.ru/post/318544/,0.8188625349874787
https://habrahabr.ru/company/host-tracker/blog/318512/,0.2939265831468275
https://habrahabr.ru/company/3cx/blog/318654/,-1.3426958785005838
https://habrahabr.ru/post/318656/,0.17977141166606042
https://habrahabr.ru/company/pvs-studio/blog/318658/,1.0349174582573113
https://habrahabr.ru/company/SECL_GROUP/blog/318660/,1.5393930322447398
https://habrahabr.ru/company/contell/blog/318664/,-0.2372637937316453
https://habrahabr.ru/post/318650/,0.19915914650467578
https://habrahabr.ru/company/htmlacademy/blog/318668/,0.7630210762347776
https://habrahabr.ru/company/regionsoft/blog/318670/,-0.6233014918082899
https://geektimes.ru/company/bvc_trade/blog/284170/,-0.2960936824447089
https://habrahabr.ru/company/bitrix/blog/318632/,1.231931433064537
https://habrahabr.ru/company/innopolis_university/blog/318672/,-1.3164952778731212
https://habrahabr.ru/company/mailru/blog/318580/,0.16594473876246832
https://habrahabr.ru/post/318674/,0.30732318051951524
https://geektimes.ru/post/284172/,-0.4016771054124848
https://habrahabr.ru/company/sendpulse/blog/318676/,0.1804901996142402
https://geektimes.ru/post/284020/,0.57123220904103
https://habrahabr.ru/company/miip/blog/318648/,0.5301298992878142
https://geektimes.ru/company/waves/blog/282350/,-0.07690861537505356
https://geektimes.ru/company/genotek/blog/284178/,0.8620776764016107
https://habrahabr.ru/post/318680/,1.1724197583858933
https://geektimes.ru/company/dataart/blog/284180/,0.11690155688145432
https://habrahabr.ru/post/318678/,1.4365862728425594
https://habrahabr.ru/post/318684/,0.2550713729631105
https://geektimes.ru/company/wirex/blog/281144/,-0.33234372871800555
https://geektimes.ru/post/284184/,-1.0362969761202163
https://geektimes.ru/post/284186/,0.3266477222564874
https://geektimes.ru/post/284188/,0.4205771472638704
https://habrahabr.ru/post/318692/,-0.8585693523929748
https://habrahabr.ru/post/318694/,0.6201631776379346
https://habrahabr.ru/post/318698/,0.12881438092600844
https://habrahabr.ru/company/ibm/blog/318702/,0.4937150399375686
https://geektimes.ru/post/284174/,0.5651159379880841
https://geektimes.ru/post/284194/,0.15463092989874236
https://habrahabr.ru/post/318700/,0.32824552553804076
https://geektimes.ru/post/284192/,-0.7878037722373964
https://geektimes.ru/post/284190/,0.3991549991190735
https://habrahabr.ru/post/318704/,-0.4891910796323051
https://habrahabr.ru/company/exante/blog/318706/,0.13474608331386723
https://habrahabr.ru/company/mailru/blog/318688/,0.37282428715401417
https://habrahabr.ru/post/318238/,-0.19595463191241136
https://geektimes.ru/company/payonline/blog/282668/,-0.5243334236608219
https://habrahabr.ru/company/payonline/blog/312396/,-0.5946290747792532
https://geektimes.ru/post/284176/,-0.3519880609537258
https://habrahabr.ru/company/cloud4y/blog/318712/,0.09089788836649176
https://habrahabr.ru/post/318714/,-0.49333988890773306
https://habrahabr.ru/post/318716/,0.3742380422387901
https://habrahabr.ru/post/318622/,-0.6340564909299662
https://geektimes.ru/post/284014/,-0.031906996466460835
https://habrahabr.ru/company/softline/blog/318710/,0.21045562924776828
https://habrahabr.ru/post/318722/,0.6382284587279525
https://geektimes.ru/company/gearbest/blog/284198/,0.01601251485369809
https://habrahabr.ru/post/318724/,0.29855690189456463
https://habrahabr.ru/post/318726/,1.0406206269720881
https://habrahabr.ru/company/huawei/blog/318718/,0.1384340099496236
https://habrahabr.ru/post/318266/,0.39854425830401485
https://habrahabr.ru/post/318732/,-0.23796158617450425
https://habrahabr.ru/company/jugru/blog/317536/,-0.24933351082570998
https://habrahabr.ru/company/mailru/blog/318638/,0.39473545491939277
https://geektimes.ru/post/284202/,0.8531064969071342
https://habrahabr.ru/company/spbifmo/blog/318728/,-0.13201290212475736
https://habrahabr.ru/post/318738/,0.3150746375866809
https://habrahabr.ru/post/318740/,0.2854591845552314
https://habrahabr.ru/company/pt/blog/318744/,0.34944804373139304
https://habrahabr.ru/post/318748/,0.6845948460742806
https://geektimes.ru/company/playkey/blog/284200/,0.700303508870443
https://habrahabr.ru/post/318752/,0.4120461643689989
https://habrahabr.ru/company/megafon/blog/318746/,-1.0577781895884795
https://habrahabr.ru/company/pvs-studio/blog/318756/,-0.2035605646829457
https://habrahabr.ru/company/mipt/blog/318758/,0.12039424710945079
https://habrahabr.ru/post/318754/,0.9212606082457985
https://habrahabr.ru/company/vds/blog/318734/,-0.22155419980770563
https://habrahabr.ru/company/3cx/blog/318760/,-1.4763469977009405
https://habrahabr.ru/post/318720/,-0.41725972588718696
https://habrahabr.ru/company/intems/blog/318750/,-0.6228731796108976
https://habrahabr.ru/post/318762/,-0.1176272839778692
https://habrahabr.ru/post/318766/,-0.8093097625827558
https://habrahabr.ru/post/318768/,0.05588567494859298
https://habrahabr.ru/company/bizone/blog/318652/,-0.4690453219759362
https://habrahabr.ru/company/rambler-co/blog/318742/,-1.3380157503679762
https://habrahabr.ru/post/318770/,0.46556962177269595
https://habrahabr.ru/post/318772/,-0.04869871540691567
https://habrahabr.ru/company/mailru/blog/318640/,-0.11827120126441981
https://habrahabr.ru/company/dataart/blog/318776/,0.8672967385881164
https://geektimes.ru/post/284206/,-0.6343212996574168
https://geektimes.ru/post/284208/,0.6944328210057966
https://habrahabr.ru/post/317542/,0.7747932605064591
https://habrahabr.ru/post/318782/,0.7458478452807122
https://habrahabr.ru/post/318784/,-0.5030939025338532
https://geektimes.ru/post/284220/,0.6707567480921954
https://geektimes.ru/post/284214/,0.05090504698086046
https://geektimes.ru/post/284216/,-0.3359376855235673
https://habrahabr.ru/post/318786/,-0.049627169715757535
https://habrahabr.ru/post/318792/,0.13640413483900876
https://geektimes.ru/post/284226/,0.2895848817255801
https://habrahabr.ru/post/318790/,-0.08567182500109238
https://habrahabr.ru/post/318796/,0.32471452765118
https://geektimes.ru/post/284224/,-0.2716954225272926
https://habrahabr.ru/company/reactos/blog/318798/,-0.5238654693408853
https://geektimes.ru/post/284218/,0.041261737587229064
https://habrahabr.ru/post/318802/,1.0163948587484737
https://habrahabr.ru/company/alconost/blog/318788/,-0.5920014426300265
https://habrahabr.ru/post/315110/,0.24710903368065418
https://habrahabr.ru/company/jugru/blog/318686/,-1.6288769474540796
https://habrahabr.ru/company/everydaytools/blog/318800/,0.6408186616256779
https://habrahabr.ru/post/318778/,0.4937574899728371
https://habrahabr.ru/post/318806/,0.16513757657809286
https://habrahabr.ru/company/arcadia/blog/318808/,0.43690794965340846
https://geektimes.ru/company/kingston_technology/blog/284196/,-1.090092905127166
https://geektimes.ru/post/284204/,0.7337302198816047
https://habrahabr.ru/post/318764/,0.7075424102442796
https://habrahabr.ru/post/318804/,-0.7887235635907862
https://geektimes.ru/post/284232/,0.19623491123156178
https://habrahabr.ru/post/318810/,0.3924070666910412
https://habrahabr.ru/company/ua-hosting/blog/318774/,0.11106569509346595
https://geektimes.ru/company/ua-hosting/blog/284230/,-0.11183446007496839
https://habrahabr.ru/post/318812/,0.019051799488625287
https://habrahabr.ru/company/ivideon/blog/318818/,0.3047460096051549
https://habrahabr.ru/post/318816/,0.025536683778044855
https://geektimes.ru/post/284238/,0.6692624981679295
https://geektimes.ru/company/hashflare/blog/284228/,0.16334797424612377
https://habrahabr.ru/post/318822/,-0.31901193194697186
https://habrahabr.ru/post/318824/,0.3719323852989006
https://geektimes.ru/company/mailru/blog/284212/,0.2680916042192518
https://geektimes.ru/company/pochtoy/blog/284236/,-0.5798568940443917
https://habrahabr.ru/post/318832/,1.7624153368334605
https://habrahabr.ru/post/318834/,0.5463155678336622
https://geektimes.ru/post/284242/,0.18847464419875415
https://habrahabr.ru/post/317992/,0.44304029784414145
https://geektimes.ru/post/284244/,0.311928355144066
https://habrahabr.ru/post/318836/,0.17834190985559814
https://habrahabr.ru/post/318682/,1.137380286075273
https://habrahabr.ru/post/318840/,0.9631012222178444
https://geektimes.ru/post/283556/,0.18996800662699767
https://habrahabr.ru/post/318848/,0.8584265368569428
https://habrahabr.ru/post/318814/,0.2460978689164867
https://geektimes.ru/company/ibm/blog/284250/,-0.12855648348169985
https://habrahabr.ru/post/318850/,-0.3682069512584718
https://geektimes.ru/post/284252/,0.6280544387547934
https://habrahabr.ru/company/beeline/blog/318820/,-0.2401608193030188
https://geektimes.ru/post/284254/,0.519273808670182
https://geektimes.ru/company/lakhta_center/blog/284222/,0.48102668024527556
https://geektimes.ru/post/284256/,-0.6201022256193564
https://habrahabr.ru/company/infobox/blog/318856/,-0.18640372492671275
https://geektimes.ru/post/284248/,0.3226804607623529
https://habrahabr.ru/company/3cx/blog/318858/,-0.2570821485813435
https://geektimes.ru/post/284258/,0.8881320556786931
https://habrahabr.ru/company/jugru/blog/318842/,-0.3296296777789959
https://habrahabr.ru/post/318862/,0.5346586242527872
https://geektimes.ru/post/284240/,0.35440963316245694
https://habrahabr.ru/post/318864/,0.07644201395593359
https://geektimes.ru/post/284264/,0.3133611314165641
https://geektimes.ru/post/284268/,1.003457528135165
https://habrahabr.ru/post/318868/,-0.7061497130997924
https://habrahabr.ru/post/318870/,1.07663326595535
https://habrahabr.ru/post/318874/,-0.24621681194289635
https://habrahabr.ru/post/318872/,-0.01914820238166981
https://habrahabr.ru/post/318878/,0.1094017552218838
https://habrahabr.ru/post/318882/,0.8033273816512911
https://geektimes.ru/post/284270/,-0.2671469417156014
https://habrahabr.ru/company/zfort/blog/318890/,0.6813574784875642
https://habrahabr.ru/post/318894/,1.2526224499246599
https://habrahabr.ru/post/318896/,0.2802939305066363
https://habrahabr.ru/post/318898/,0.5405087251456964
https://geektimes.ru/post/284272/,0.08633341538583592
https://habrahabr.ru/post/318892/,1.153904589320109
https://habrahabr.ru/post/318904/,1.0748644310922786
https://habrahabr.ru/post/318906/,-0.28894418872390715
https://habrahabr.ru/post/318908/,0.47619888572208
https://habrahabr.ru/post/318900/,-0.17261669076170416
https://habrahabr.ru/company/infopulse/blog/318910/,-0.3496251592226661
https://geektimes.ru/post/284280/,-0.019523060391632985
https://habrahabr.ru/post/318916/,0.6503639269870761
https://habrahabr.ru/company/centosadmin/blog/318158/,0.40982654406759544
https://habrahabr.ru/post/318524/,0.4129205180024435
https://habrahabr.ru/post/318922/,0.7610954638208561
https://habrahabr.ru/post/318924/,0.4319591769339938
https://habrahabr.ru/company/softmart/blog/318926/,0.25772674738370877
https://habrahabr.ru/post/318928/,0.7246384452469277
https://geektimes.ru/company/dadget/blog/283366/,0.5332202553720456
https://habrahabr.ru/post/318934/,1.139094495133929
https://habrahabr.ru/post/318938/,0.4785545685693132
https://geektimes.ru/post/284246/,1.280625616974433
https://habrahabr.ru/post/318946/,0.10083602569594821
https://habrahabr.ru/post/318948/,0.1913488574265423
https://geektimes.ru/post/284286/,0.06232237222563808
https://geektimes.ru/post/283948/,1.22895602673588
https://habrahabr.ru/company/epam_systems/blog/318936/,-0.3379516422669845
https://habrahabr.ru/company/mailru/blog/318504/,0.2751594185036133
https://habrahabr.ru/post/318950/,0.04019244594341287
https://geektimes.ru/company/mailru/blog/284234/,1.5612460453879287
https://geektimes.ru/post/284290/,0.9983132962990903
https://geektimes.ru/post/284292/,0.43005270637486076
https://geektimes.ru/post/284296/,0.028910434997644452
https://geektimes.ru/post/284300/,-0.7120837824281808
https://geektimes.ru/post/284302/,1.1724386655098824
https://habrahabr.ru/post/318958/,0.3327887219512506
https://habrahabr.ru/company/plarium/blog/318966/,0.3875281381096046
https://habrahabr.ru/company/microsoft/blog/318968/,0.34978908102628903
https://habrahabr.ru/post/318970/,1.5110824450491696
https://habrahabr.ru/post/318972/,0.6604609528276113
https://habrahabr.ru/post/318976/,-0.005664392241965355
https://geektimes.ru/post/284304/,1.3999888040132569
https://geektimes.ru/company/dadget/blog/284308/,0.5925058716247713
https://geektimes.ru/post/284066/,-0.1069552758120556
https://geektimes.ru/post/284294/,0.3856980218804621
https://habrahabr.ru/post/318980/,0.547436671380743
https://habrahabr.ru/post/318982/,0.09894162820587676
https://geektimes.ru/post/284316/,0.08331088380470694
https://geektimes.ru/post/284318/,-0.5744913094512288
https://habrahabr.ru/post/318984/,0.4108083016065995
https://habrahabr.ru/post/318988/,-0.010239747351059203
https://habrahabr.ru/post/318990/,-0.5014795337137334
https://habrahabr.ru/company/kingservers/blog/318992/,-1.4948908594261323
https://habrahabr.ru/post/318994/,0.7468554080735883
https://habrahabr.ru/post/318996/,-1.062207165413307
https://geektimes.ru/post/284322/,-0.11300274747170341
https://habrahabr.ru/post/318964/,-0.07430344041427106
https://habrahabr.ru/post/319000/,1.2050310160560982
https://habrahabr.ru/post/319002/,-0.4477484737516474
https://habrahabr.ru/post/318952/,2.4660354970553198
https://geektimes.ru/post/284312/,1.0644599067752039
https://geektimes.ru/post/284324/,0.33056151781922904
https://geektimes.ru/post/284320/,-0.0032070745455141103
https://habrahabr.ru/post/318918/,0.07649222141201684
https://geektimes.ru/post/284326/,0.29021317754765014
https://habrahabr.ru/post/319004/,0.434582228804995
https://habrahabr.ru/post/319006/,0.6614070514424766
https://geektimes.ru/post/284330/,-1.1462682619534248
https://habrahabr.ru/post/319008/,0.5084137383351874
https://habrahabr.ru/post/319012/,-0.07812235765217324
https://geektimes.ru/post/284328/,0.3987383602116104
https://habrahabr.ru/post/316756/,1.042835472218088
https://habrahabr.ru/post/318986/,-0.25971868424368416
https://geektimes.ru/company/madrobots/blog/284314/,-0.6215016579377143
https://habrahabr.ru/company/mailru/blog/318510/,-0.12957128290493874
https://geektimes.ru/company/mailru/blog/284210/,0.8599236221346844
https://geektimes.ru/post/284334/,0.800599434020385
https://habrahabr.ru/company/oleg-bunin/blog/319018/,1.1190765878873465
https://habrahabr.ru/company/oleg-bunin/blog/319020/,1.1102856094596443
https://habrahabr.ru/post/319022/,0.5817120831918184
https://geektimes.ru/post/284342/,-0.7863647988560291
https://geektimes.ru/post/284344/,-1.082105392232251
https://geektimes.ru/company/ibm/blog/284346/,-0.6951830044695665
https://habrahabr.ru/post/319026/,-0.7479615533759546
https://geektimes.ru/company/klinika_shilovoy/blog/284348/,0.5441540490702487
https://geektimes.ru/company/top3dshop/blog/284340/,1.1261862176621604
https://geektimes.ru/post/284332/,-0.07218955721916659
https://habrahabr.ru/company/sendpulse/blog/319030/,0.08478401646357489
https://habrahabr.ru/post/319032/,0.4507099445552624
https://habrahabr.ru/post/319034/,0.613457530295636
https://geektimes.ru/post/284352/,0.8318385257654849
https://geektimes.ru/post/284354/,-0.20994618808319554
https://habrahabr.ru/post/319036/,0.391439210942106
https://habrahabr.ru/company/oleg-bunin/blog/319038/,0.8728143494202794
https://habrahabr.ru/post/319042/,0.7773767333914066
https://habrahabr.ru/post/318876/,0.3741877084622377
https://geektimes.ru/post/284358/,-0.08490465820779419
https://habrahabr.ru/post/319048/,0.9441851295579078
https://habrahabr.ru/post/319050/,0.0669646764239793
https://habrahabr.ru/company/oleg-bunin/blog/319052/,-0.02119456476760251
https://habrahabr.ru/post/319054/,0.18474729809322904
https://habrahabr.ru/post/319056/,0.4720268222127081
https://geektimes.ru/company/madrobots/blog/284360/,-0.38173316569208204
https://habrahabr.ru/company/ibm/blog/319058/,-1.2068951746141532
https://habrahabr.ru/post/318962/,0.7454799092574165
https://habrahabr.ru/post/319060/,0.18131927131239692
https://habrahabr.ru/post/319062/,-0.8495314223543523
https://geektimes.ru/post/284306/,-0.6963639795103219
https://geektimes.ru/post/284362/,-0.572302070499842
https://habrahabr.ru/post/319078/,0.5206233153349087
https://geektimes.ru/post/284350/,-0.37959584540522506
https://habrahabr.ru/company/mailru/blog/318508/,1.4037795909391293
https://geektimes.ru/company/mailru/blog/284182/,1.1112036594404175
https://geektimes.ru/company/pult/blog/284366/,0.891742097174341
https://geektimes.ru/post/284368/,0.45440854677210185
https://habrahabr.ru/post/319072/,-0.14726042215036445
https://habrahabr.ru/post/315622/,0.07604119880666987
https://habrahabr.ru/post/318960/,0.2567152125705065
https://habrahabr.ru/company/kingservers/blog/319086/,-0.20307606058565786
https://habrahabr.ru/post/319016/,1.1536330725510204
https://geektimes.ru/post/284370/,-0.22887624684904784
https://habrahabr.ru/post/319094/,-0.10097627094742884
https://geektimes.ru/post/284140/,0.9748746444170818
https://geektimes.ru/post/284266/,0.7168176126706222
https://habrahabr.ru/company/3cx/blog/319104/,-1.3755468792190566
https://geektimes.ru/post/284372/,-0.21904106187450711
https://habrahabr.ru/company/reactos/blog/319110/,0.029945296328247717
https://habrahabr.ru/company/virtuozzo/blog/319112/,-0.4288619843639644
https://habrahabr.ru/post/319082/,0.25518446148847446
https://geektimes.ru/post/284374/,-0.6453067866424145
https://habrahabr.ru/company/oleg-bunin/blog/319114/,-0.208372082212126
https://geektimes.ru/post/284378/,-0.016990647336536435
https://geektimes.ru/post/284380/,-0.07417795666852978
https://habrahabr.ru/post/319084/,0.6434313357217746
https://habrahabr.ru/post/311948/,0.5167635799393216
https://habrahabr.ru/post/318914/,0.3443251283639738
https://geektimes.ru/post/284382/,0.34270427623328975
https://geektimes.ru/post/284384/,0.23756388017187552
https://habrahabr.ru/post/319118/,0.2859975171205699
https://habrahabr.ru/post/319128/,0.4761481291025963
https://habrahabr.ru/company/zfort/blog/319132/,0.9137990391981643
https://habrahabr.ru/post/319134/,0.7370319578654824
https://habrahabr.ru/post/319126/,0.9111835855575457
https://habrahabr.ru/post/318998/,0.0383706827549371
https://habrahabr.ru/post/319136/,0.6245895584354394
https://habrahabr.ru/company/oleg-bunin/blog/319138/,0.6993394314743986
https://geektimes.ru/post/284376/,0.21734387541220396
https://habrahabr.ru/post/319140/,-0.05317791653538728
https://geektimes.ru/post/283820/,0.5576487835456887
https://habrahabr.ru/post/319096/,0.6686763296044251
https://habrahabr.ru/company/intel/blog/318736/,-0.8458255728994667
https://habrahabr.ru/post/319142/,0.2449802166703573
https://habrahabr.ru/post/319144/,0.4572169453187954
https://habrahabr.ru/post/319146/,-0.1771022392033278
https://habrahabr.ru/post/319076/,0.7773947076073031
https://habrahabr.ru/post/319148/,1.4700242063862023
https://geektimes.ru/company/ibm/blog/284390/,-0.09291643661888527
https://geektimes.ru/company/mailru/blog/284388/,0.7271581258193192
https://habrahabr.ru/company/oracle/blog/318194/,-2.3332574213124966
https://habrahabr.ru/company/nanosoft/blog/319154/,-0.9594941163210261
https://habrahabr.ru/post/319158/,1.2559155669049877
https://habrahabr.ru/company/mindbox/blog/319156/,0.1565190126935311
https://habrahabr.ru/company/cpp_russia/blog/319116/,-0.13522241265327495
https://geektimes.ru/post/284394/,-0.766108933099071
https://geektimes.ru/post/284392/,0.42749435595655016
https://geektimes.ru/post/284398/,-0.26973221346183673
https://habrahabr.ru/post/319164/,1.860118217620104
https://habrahabr.ru/company/ruvds/blog/319162/,0.9923179306566451
https://habrahabr.ru/post/319152/,0.5863882557688352
https://habrahabr.ru/company/everydaytools/blog/319160/,0.43822785563743244
https://geektimes.ru/company/nag/blog/284396/,-0.1404981939718552
https://habrahabr.ru/company/postgrespro/blog/318398/,0.05846174914857338
https://habrahabr.ru/company/simbirsoft/blog/319150/,0.20671105043154275
https://habrahabr.ru/post/319168/,0.845045891079964
https://habrahabr.ru/post/315924/,0.34868236537859154
https://habrahabr.ru/company/fujitsu/blog/319172/,-0.8304249218719267
https://habrahabr.ru/company/mailru/blog/319170/,0.5861468688992225
https://habrahabr.ru/post/319178/,1.0942523516229001
https://geektimes.ru/post/284404/,0.34994555436979297
https://geektimes.ru/post/284400/,-0.4407675652412695
https://habrahabr.ru/post/319106/,0.4727182342876245
https://habrahabr.ru/post/319088/,0.3757065896832492
https://geektimes.ru/company/top3dshop/blog/284410/,-0.129780169323587
https://geektimes.ru/post/284408/,-0.5086560440552517
https://habrahabr.ru/company/pt/blog/319186/,-0.16918646540886312
https://habrahabr.ru/post/319190/,-1.0608818468141745
https://geektimes.ru/post/284414/,-0.2661264833056727
https://geektimes.ru/company/mailru/blog/284412/,-0.40413035141784914
https://geektimes.ru/post/284416/,-0.1682385100380347
https://habrahabr.ru/post/319184/,0.9258439454233983
https://geektimes.ru/post/284418/,-0.2308736055239139
https://geektimes.ru/post/284420/,0.6144616803857688
https://habrahabr.ru/post/319198/,0.22733019293398393
https://geektimes.ru/post/284424/,0.6482965778310581
https://geektimes.ru/company/flprog/blog/284406/,0.6815473011636033
https://habrahabr.ru/post/319010/,0.4378982065972459
https://geektimes.ru/company/dadget/blog/284284/,-0.0015813284134885142
https://habrahabr.ru/post/319208/,0.5804783639232227
https://habrahabr.ru/company/croc/blog/319196/,0.21341133794922945
https://habrahabr.ru/company/1cloud/blog/319212/,-0.5745808452476229
https://habrahabr.ru/company/pc-administrator/blog/319214/,0.6805843815170047
https://habrahabr.ru/company/it-grad/blog/318538/,0.4217781349192276
https://habrahabr.ru/post/319092/,0.2883673404660649
https://geektimes.ru/post/284428/,-1.8375011679021616
https://habrahabr.ru/post/319216/,0.5377642417842382
https://habrahabr.ru/company/echelon/blog/319218/,0.30427711463660506
https://geektimes.ru/company/piter/blog/284430/,-0.05039790587190135
https://habrahabr.ru/post/319040/,0.20906276988425332
https://habrahabr.ru/post/318226/,-1.0818715369115903
https://habrahabr.ru/post/319202/,0.8484686178808628
https://habrahabr.ru/post/319222/,0.509745145539144
https://habrahabr.ru/post/319204/,0.5716413351957016
https://habrahabr.ru/company/intersystems/blog/318940/,-1.282744260354903
https://geektimes.ru/company/pocketbook/blog/284432/,-0.3669618800559731
https://habrahabr.ru/post/319014/,1.0112117248527486
https://habrahabr.ru/post/319226/,1.0827308538530613
https://geektimes.ru/post/284438/,0.33909918951295487
https://habrahabr.ru/post/319232/,-0.3537963164297553
https://geektimes.ru/post/284440/,0.3559844392927479
https://habrahabr.ru/company/epam_systems/blog/319230/,-0.06955011958270191
https://habrahabr.ru/post/319244/,0.2842780866233013
https://habrahabr.ru/post/319248/,-0.787003740469736
https://geektimes.ru/post/284434/,-1.0318519329706648
https://geektimes.ru/company/mediatek/blog/284444/,-0.9710105525463298
https://habrahabr.ru/post/319252/,0.7934906623324973
https://habrahabr.ru/company/appodeal/blog/319254/,-0.10188527433226924
https://habrahabr.ru/post/319256/,0.6339347037361516
https://habrahabr.ru/post/319258/,-0.761523081078581
https://geektimes.ru/company/genotek/blog/284448/,0.009782202159062392
https://geektimes.ru/company/kingston_technology/blog/284422/,-1.1073286447256812
https://geektimes.ru/post/284450/,-0.35624650008083913
https://habrahabr.ru/post/319180/,1.1794151823579635
https://habrahabr.ru/post/319260/,0.6885402470365898
https://geektimes.ru/post/284436/,1.355807769615621
https://geektimes.ru/post/284458/,0.2654476140061349
https://habrahabr.ru/company/oleg-bunin/blog/319262/,0.21574933755620512
https://habrahabr.ru/company/abbyy/blog/319242/,0.25334752508621206
https://habrahabr.ru/post/319266/,-0.43840864205305874
https://habrahabr.ru/post/319268/,0.2023723944387012
https://habrahabr.ru/post/319270/,0.28285440008786333
https://habrahabr.ru/post/317726/,-0.0011015022242139016
https://geektimes.ru/company/pochtoy/blog/284442/,0.7745901599726206
https://habrahabr.ru/post/319274/,0.5552126760082253
https://habrahabr.ru/company/regberry/blog/319246/,0.2429559285046619
https://habrahabr.ru/post/319228/,0.8906534805098675
https://habrahabr.ru/post/319238/,0.31664995229101855
https://habrahabr.ru/company/it-grad/blog/318542/,-0.40190136342512983
https://geektimes.ru/post/284462/,-0.0885781572991764
https://habrahabr.ru/post/319280/,1.45977757049875
https://habrahabr.ru/post/319284/,-0.8975247729283772
https://geektimes.ru/company/mailru/blog/284456/,-0.8282473539011991
https://habrahabr.ru/post/319286/,0.5582574696170852
https://habrahabr.ru/post/319276/,0.4260204781807041
https://habrahabr.ru/post/319288/,1.3488302690968075
https://geektimes.ru/company/flprog/blog/284464/,0.7250861141087626
https://geektimes.ru/post/284470/,-0.1627681568925095
https://geektimes.ru/post/284468/,-0.23086929019992075
https://habrahabr.ru/post/319294/,-0.45645003447288646
https://habrahabr.ru/post/319028/,0.6198066991418573
https://geektimes.ru/post/284474/,-0.7863249060220109
https://habrahabr.ru/company/muk/blog/319300/,0.019134053001926166
https://habrahabr.ru/company/yandex/blog/318098/,1.1908087872953834
https://habrahabr.ru/post/319304/,0.3959269694644654
https://habrahabr.ru/company/pt/blog/319310/,-1.6804188991426985
https://habrahabr.ru/company/everydaytools/blog/319290/,0.014062168481144832
https://habrahabr.ru/company/oleg-bunin/blog/319314/,0.05179466640540076
https://geektimes.ru/post/284478/,0.7776434488042372
https://habrahabr.ru/post/319316/,0.8260212222480897
https://geektimes.ru/post/284476/,-0.5079048884627013
https://geektimes.ru/post/284480/,0.013664554991307754
https://habrahabr.ru/company/mailru/blog/319194/,0.7905012434594008
https://habrahabr.ru/post/319066/,0.14877553722751838
https://geektimes.ru/company/mediatek/blog/284482/,-0.6367622571371828
https://habrahabr.ru/post/319318/,0.2951422143091364
https://habrahabr.ru/company/pt/blog/319320/,0.4385515397606508
https://geektimes.ru/post/284484/,-0.52664271858209
https://geektimes.ru/post/284486/,0.9388000653819407
https://geektimes.ru/post/284466/,-0.6268975607953166
https://geektimes.ru/post/284488/,0.11714118759502953
https://habrahabr.ru/post/319326/,0.5103045806152768
https://geektimes.ru/post/284490/,-0.9160616677636967
https://habrahabr.ru/post/319328/,0.15641114045252555
https://habrahabr.ru/post/319332/,-0.5172072588277519
https://habrahabr.ru/company/echelon/blog/319334/,-0.19584199781675227
https://habrahabr.ru/post/319336/,1.0395461420714298
https://habrahabr.ru/post/319338/,0.14035938559053485
https://geektimes.ru/post/284494/,-0.8141176828649465
https://habrahabr.ru/company/gotech_vc/blog/319340/,-0.9843085305318601
https://habrahabr.ru/post/319322/,0.7238469223632968
https://habrahabr.ru/post/319346/,0.5210395125811889
https://habrahabr.ru/company/kingservers/blog/319354/,-0.107540205074941
https://habrahabr.ru/post/319358/,0.5530282568935039
https://geektimes.ru/post/284502/,-0.3717175091925602
https://geektimes.ru/post/284504/,-0.20424697364248923
https://habrahabr.ru/post/319360/,0.19950239478018983
https://habrahabr.ru/post/319362/,-0.22360134792175534
https://habrahabr.ru/post/319302/,-0.014346631406587596
https://geektimes.ru/company/hashflare/blog/284274/,0.2506356791775031
https://habrahabr.ru/post/319342/,0.0024384232726461508
https://habrahabr.ru/company/dsec/blog/319234/,-0.552504967867332
https://geektimes.ru/company/dadget/blog/284508/,-0.2642137874196434
https://geektimes.ru/company/klinika_shilovoy/blog/284498/,0.04875850222304601
https://habrahabr.ru/post/319368/,0.16288585679996476
https://habrahabr.ru/company/gemaltorussia/blog/319366/,-0.436942334341927
https://habrahabr.ru/post/319200/,1.0308440313059593
https://geektimes.ru/post/284048/,1.0454639603154008
https://geektimes.ru/post/284506/,0.055789640541167196
https://habrahabr.ru/post/319250/,0.7376794981585357
https://habrahabr.ru/post/319370/,0.9912510597909845
https://habrahabr.ru/company/Voximplant/blog/319324/,-0.00797358291418443
https://geektimes.ru/post/284298/,-0.12600857224726897
https://habrahabr.ru/company/supereon/blog/318930/,-1.4525109091004045
https://geektimes.ru/company/pult/blog/284512/,0.5318190974804349
https://habrahabr.ru/company/1cloud/blog/319374/,0.591339140519249
https://geektimes.ru/post/284510/,-0.5009237302577391
https://habrahabr.ru/company/tcsbank/blog/317892/,0.31184479811661336
https://habrahabr.ru/post/319378/,0.5818594239403359
https://geektimes.ru/post/284514/,-0.3574190483071723
https://habrahabr.ru/post/319364/,-0.5464016409629606
https://habrahabr.ru/post/319384/,0.483041086123907
https://habrahabr.ru/post/319386/,0.9916821406701595
https://habrahabr.ru/post/319388/,0.19017540899925084
https://geektimes.ru/company/intel/blog/284472/,-0.4109187198191713
https://habrahabr.ru/company/pvs-studio/blog/319382/,-0.4238761792802931
https://geektimes.ru/company/kingston_technology/blog/284500/,0.08156840713047978
https://geektimes.ru/post/284518/,-0.12081046543694346
https://habrahabr.ru/post/319392/,0.27512902691581237
https://habrahabr.ru/post/319394/,1.2631982052090132
https://habrahabr.ru/post/319396/,0.3579811789710168
https://habrahabr.ru/company/haulmont/blog/319278/,-0.4082785098868871
https://geektimes.ru/post/284520/,0.4749869099536257
https://geektimes.ru/post/284522/,0.16812486863011109
https://habrahabr.ru/post/319402/,0.7779260596112543
https://geektimes.ru/post/284276/,0.3557827151144536
https://geektimes.ru/post/284524/,0.012361688526972614
https://habrahabr.ru/company/redmadrobot/blog/318866/,0.9421126616968661
https://habrahabr.ru/post/319404/,-0.07442763459588542
https://habrahabr.ru/company/1cloud/blog/319398/,0.3204263788311486
https://habrahabr.ru/company/appodeal/blog/319408/,-0.12342484129548431
https://geektimes.ru/company/vertdider/blog/284526/,0.6613036993842842
https://habrahabr.ru/post/319348/,0.3696509514142127
https://habrahabr.ru/post/319410/,0.75911742666789
https://geektimes.ru/post/284528/,-0.8757234130613053
https://geektimes.ru/post/284586/,1.7117484918916248
https://habrahabr.ru/company/pt/blog/319416/,-0.20305540665802357
https://geektimes.ru/post/284530/,-0.6908061850718835
https://habrahabr.ru/post/319418/,0.8813642208107827
https://habrahabr.ru/post/319426/,-0.5346489024640576
https://habrahabr.ru/post/319424/,0.1748794900947695
https://geektimes.ru/post/284534/,0.9371759221498165
https://habrahabr.ru/post/319176/,0.411601444828795
https://geektimes.ru/post/284536/,-0.22233677335151159
https://habrahabr.ru/post/319296/,0.7605460498927157
https://habrahabr.ru/post/314402/,0.707402699646706
https://geektimes.ru/post/283568/,1.1653592275057856
https://geektimes.ru/post/284538/,-0.07352628321030613
https://habrahabr.ru/post/319422/,0.6303942674639029
https://habrahabr.ru/post/319430/,0.18647377379673633
https://geektimes.ru/company/nag/blog/284516/,-0.41785336048270816
https://habrahabr.ru/post/319442/,0.06766451313817415
https://habrahabr.ru/company/dataline/blog/319446/,0.06921358928964522
https://habrahabr.ru/post/319400/,0.7687987045383329
https://habrahabr.ru/company/1cloud/blog/319448/,0.4922459362264453
https://habrahabr.ru/post/319450/,-0.028512388653191223
https://habrahabr.ru/company/everydaytools/blog/319444/,0.34447419075551056
https://geektimes.ru/post/284574/,-0.04495099493182908
https://geektimes.ru/post/284576/,0.5119707481927458
https://habrahabr.ru/post/319454/,0.20840445956895318
https://habrahabr.ru/post/319298/,0.2467596198041128
https://habrahabr.ru/post/319456/,0.2266300065353604
https://geektimes.ru/company/waves/blog/284532/,-0.6424532230786251
https://geektimes.ru/post/284580/,-1.0037820551052543
https://habrahabr.ru/company/htmlacademy/blog/319458/,0.13950111233619902
https://geektimes.ru/post/284584/,-1.2739545954707752
https://geektimes.ru/company/top3dshop/blog/284578/,-0.18667796450271568
https://geektimes.ru/company/madrobots/blog/284582/,0.5086084841372402
https://geektimes.ru/post/284588/,-0.5262465763959447
https://habrahabr.ru/post/319466/,0.013968314463836451
https://geektimes.ru/company/piter/blog/284590/,-0.28821057562662566
https://habrahabr.ru/company/gotech_vc/blog/319468/,-0.22607164201252716
https://habrahabr.ru/post/319474/,-0.10483512894154184
https://habrahabr.ru/post/319470/,-0.047496413947003435
https://geektimes.ru/post/284594/,0.6680031706565855
https://habrahabr.ru/post/319380/,0.18618261169062766
https://habrahabr.ru/company/miip/blog/319478/,0.3109002962332795
https://habrahabr.ru/post/319484/,0.37246944400927584
https://habrahabr.ru/company/piter/blog/319490/,0.8099992401467214
https://habrahabr.ru/company/infopulse/blog/319492/,0.5533481482329234
https://habrahabr.ru/company/sendpulse/blog/319486/,-0.6704896266828133
https://geektimes.ru/post/284596/,-0.1763821024962579
https://habrahabr.ru/company/e-Legion/blog/319496/,-0.5287781970497663
https://geektimes.ru/post/284598/,0.5082427451225631
https://geektimes.ru/post/284600/,1.0004890501257089
https://habrahabr.ru/company/kingservers/blog/319498/,-1.1741930266167024
https://habrahabr.ru/post/319436/,0.19440850294745052
https://habrahabr.ru/company/kaspersky/blog/319502/,-0.09735919278177096
https://habrahabr.ru/post/319504/,0.6841647649579605
https://habrahabr.ru/company/ua-hosting/blog/319264/,-0.25156153629373523
https://habrahabr.ru/post/319506/,-0.5019827736453853
https://geektimes.ru/post/284602/,-0.031903173014041775
https://habrahabr.ru/post/319510/,0.6627916740495527
https://habrahabr.ru/company/3cx/blog/319512/,-1.023594087456697
https://geektimes.ru/post/284592/,-0.27403953052114316
https://habrahabr.ru/post/319514/,0.6452451896635796
https://habrahabr.ru/company/ua-hosting/blog/319516/,0.4399154067206765
https://habrahabr.ru/post/319476/,0.7643265521244018
https://habrahabr.ru/post/319472/,1.1281812145280292
https://geektimes.ru/post/284604/,0.16233357680658073
https://geektimes.ru/post/284606/,-0.3349556562436261
https://habrahabr.ru/post/319520/,0.6560140688915217
https://habrahabr.ru/post/319524/,0.4505639015455807
https://geektimes.ru/post/284608/,0.9705345437822012
https://habrahabr.ru/post/318886/,1.3276824388222677
https://geektimes.ru/post/284610/,0.8409715410067902
https://habrahabr.ru/company/oleg-bunin/blog/319526/,0.992950575760687
https://habrahabr.ru/post/319528/,-0.2110588132315978
https://geektimes.ru/post/284262/,0.18368246589262205
https://habrahabr.ru/post/319100/,-0.05360293183675424
https://geektimes.ru/company/lamptest/blog/284612/,0.9739978414558316
https://habrahabr.ru/post/319532/,0.4911038201919392
https://geektimes.ru/company/pult/blog/284614/,0.37154828223387737
https://geektimes.ru/post/266112/,0.5598447572581208
https://geektimes.ru/post/284616/,0.8591517424989706
https://geektimes.ru/post/284618/,-0.48147148240424087
https://habrahabr.ru/post/319536/,0.9003326667837719
https://geektimes.ru/post/284620/,0.8219778007686999
https://habrahabr.ru/post/319552/,0.7922321371522192
https://habrahabr.ru/post/319548/,0.4730779096213922
https://habrahabr.ru/post/319554/,0.3179554630840166
https://habrahabr.ru/post/319556/,-0.3237547546949361
https://geektimes.ru/post/284630/,-0.2838939640725294
https://geektimes.ru/post/284626/,-0.1383115720002432
https://habrahabr.ru/post/319480/,0.6595271732739234
https://habrahabr.ru/post/319562/,1.1658590798480395
https://habrahabr.ru/post/319566/,-0.8814788062791062
https://geektimes.ru/post/284636/,0.4806023536951547
https://habrahabr.ru/post/319570/,0.9941232407189177
https://habrahabr.ru/company/kingservers/blog/319572/,-0.2025433131530483
https://habrahabr.ru/company/zfort/blog/319578/,0.9273529753067454
https://habrahabr.ru/company/zfort/blog/319580/,0.9785492313550944
https://habrahabr.ru/post/319530/,0.4257756408833066
https://geektimes.ru/post/284638/,-0.7795563284009984
https://habrahabr.ru/post/319500/,0.9039549359280385
https://habrahabr.ru/post/319584/,-0.7588924747774132
https://habrahabr.ru/post/319518/,0.6398685735423169
https://habrahabr.ru/post/318944/,0.5376681688088674
https://habrahabr.ru/post/318860/,0.15001590245421298
https://geektimes.ru/post/284634/,0.2451752202095072
https://habrahabr.ru/post/319564/,0.6135006593705905
https://geektimes.ru/post/284640/,-0.14191258358654185
https://habrahabr.ru/post/318452/,0.3214785981011763
https://habrahabr.ru/post/319544/,-0.5005509571116893
https://geektimes.ru/post/284628/,1.1871104919022746
https://habrahabr.ru/post/319210/,-0.41410983263909273
https://habrahabr.ru/post/319560/,0.1821528917430551
https://geektimes.ru/company/banderolka/blog/284446/,-0.05798338207011561
https://geektimes.ru/post/284648/,0.7046327515912274
https://habrahabr.ru/company/skyeng/blog/314662/,0.3028258299161855
https://habrahabr.ru/post/319590/,0.04239068900616838
https://habrahabr.ru/company/google/blog/319598/,-1.6945676319419176
https://geektimes.ru/post/284288/,-0.5137560439189545
https://habrahabr.ru/post/319594/,-0.38468421575243705
https://habrahabr.ru/company/tm/blog/319600/,-0.2678061240876023
https://habrahabr.ru/post/319602/,0.6056941577920584
https://geektimes.ru/company/gearbest/blog/284644/,-0.15796585118661272
https://habrahabr.ru/company/microsoft/blog/319482/,0.10382093442040913
https://habrahabr.ru/company/ruvds/blog/319588/,0.35711077962843035
https://habrahabr.ru/post/319568/,0.5201509036283571
https://geektimes.ru/post/283854/,-0.6252859877258761
https://geektimes.ru/post/284650/,0.8052874560443242
https://habrahabr.ru/post/318954/,0.277294763842146
https://habrahabr.ru/post/319604/,0.552054787325879
https://habrahabr.ru/post/319606/,1.4484705950979975
https://habrahabr.ru/post/319642/,0.8758877738838723
https://habrahabr.ru/post/319582/,1.461383884216938
https://habrahabr.ru/company/jalinga/blog/319452/,0.6653503487083317
https://geektimes.ru/company/waves/blog/284652/,-1.1820512165274342
https://geektimes.ru/post/284646/,0.004950138206301025
https://habrahabr.ru/post/319352/,0.7431874494610162
https://habrahabr.ru/post/319558/,0.6837307578825049
https://habrahabr.ru/company/jugru/blog/319462/,-0.5213678314054612
https://geektimes.ru/post/284654/,-0.5116595546207856
https://habrahabr.ru/post/319652/,0.22215589211246428
https://habrahabr.ru/post/319656/,0.23649365667436412
https://habrahabr.ru/company/veeam/blog/319654/,0.5894795613832284
https://habrahabr.ru/company/miip/blog/319574/,-0.11036372379812776
https://geektimes.ru/post/284658/,-0.8409508337259347
https://geektimes.ru/company/nag/blog/284656/,0.15661559735901695
https://habrahabr.ru/post/319658/,-1.2210689995117594
https://habrahabr.ru/company/moikrug/blog/319660/,-1.5981645624377112
https://habrahabr.ru/post/319662/,-0.043781431713162955
https://geektimes.ru/company/mailru/blog/284660/,1.1445188158181208
https://geektimes.ru/post/284642/,0.4344223438197092
https://geektimes.ru/post/284662/,-0.2726910564138947
https://habrahabr.ru/post/319664/,0.8848211005041559
https://geektimes.ru/post/284668/,0.2608490517685539
https://habrahabr.ru/post/319674/,0.4316721173251181
https://habrahabr.ru/post/319678/,1.0445938691872003
https://geektimes.ru/post/284666/,0.47621219862992625
https://habrahabr.ru/post/319680/,0.7169330913320898
https://habrahabr.ru/company/mailru/blog/319684/,-1.0565404415275461
https://habrahabr.ru/company/pushall/blog/319682/,-1.0248791290791694
https://geektimes.ru/post/284674/,-1.0288035378339133
https://geektimes.ru/post/284676/,-0.41769701232385503
https://geektimes.ru/post/284678/,1.2799088782387615
https://habrahabr.ru/post/319690/,-0.5520811850472003
https://habrahabr.ru/post/319670/,0.46619992394688087
https://habrahabr.ru/post/319692/,0.3637579275534266
https://habrahabr.ru/company/reactos/blog/319694/,0.2980773870844173
https://habrahabr.ru/post/319696/,0.766291526440784
https://habrahabr.ru/post/319698/,0.9548370162856468
https://geektimes.ru/company/dadget/blog/284572/,0.6292042621646861
https://habrahabr.ru/post/319330/,0.3191559892735304
https://habrahabr.ru/company/energoslon/blog/318380/,0.49556618995139734
https://habrahabr.ru/post/319702/,1.1133752049159722
https://habrahabr.ru/company/centosadmin/blog/318826/,-0.4342956869346083
https://habrahabr.ru/company/scrumtrek/blog/319460/,-0.4847377338164216
https://habrahabr.ru/company/spbifmo/blog/319688/,0.18738385120959636
https://habrahabr.ru/post/319706/,0.12110130792531193
https://habrahabr.ru/post/319464/,0.7085117439607853
https://habrahabr.ru/company/inoventica/blog/319708/,-0.4082852254130338
https://habrahabr.ru/post/319646/,-0.43308029279359983
https://habrahabr.ru/company/pc-administrator/blog/319712/,-0.38343550050589414
https://habrahabr.ru/company/badoo/blog/318336/,0.31899658254808594
https://geektimes.ru/post/284688/,0.4313751766416738
https://habrahabr.ru/company/ruvds/blog/319716/,1.1142045783001633
https://habrahabr.ru/post/280666/,-0.5428719489406661
https://habrahabr.ru/company/superjob/blog/319718/,0.06921650255078188
https://habrahabr.ru/post/319720/,1.3055695112450094
https://habrahabr.ru/post/319724/,-0.887155561435191
https://habrahabr.ru/post/319728/,0.08758214959294666
https://habrahabr.ru/company/1cloud/blog/319714/,-0.7637566194148503
https://habrahabr.ru/company/it-grad/blog/319610/,-0.5058145020102952
https://geektimes.ru/company/audiomania/blog/284694/,0.649982577121631
https://habrahabr.ru/post/319730/,-0.12546884873891384
https://habrahabr.ru/company/livetyping/blog/319592/,0.6975607025847435
https://geektimes.ru/post/284698/,-0.04725005283805256
https://habrahabr.ru/post/319676/,0.06973002465106432
https://habrahabr.ru/company/everydaytools/blog/319700/,0.5659322402186364
https://geektimes.ru/post/284680/,-0.009445324537997124
https://habrahabr.ru/company/panda/blog/319734/,-0.311798215162551
https://habrahabr.ru/post/319736/,0.06249437718635409
https://geektimes.ru/post/284702/,-0.8917132953788592
https://geektimes.ru/post/284700/,0.16834840253680658
https://geektimes.ru/post/284682/,0.8628569390388475
https://habrahabr.ru/post/319746/,-0.1552019513485599
https://geektimes.ru/post/284706/,0.16683660075226786
https://habrahabr.ru/company/softline/blog/319704/,1.1103359453525825
https://geektimes.ru/post/284708/,0.6844987933923303
https://habrahabr.ru/company/yandex/blog/319766/,0.5325726723828782
https://habrahabr.ru/post/319768/,0.5535867651403608
https://geektimes.ru/post/284712/,0.26044639958572907
https://habrahabr.ru/company/jugru/blog/319074/,-0.1420173519425657
https://habrahabr.ru/post/319782/,0.2018443895263324
https://habrahabr.ru/post/319774/,-0.17658034666325378
https://geektimes.ru/company/madrobots/blog/284714/,0.5133726526324318
https://geektimes.ru/post/284704/,-0.033890563664198015
https://geektimes.ru/post/284716/,0.9855985279581176
https://geektimes.ru/company/genotek/blog/284718/,0.381604178977456
https://habrahabr.ru/company/ffcms/blog/319788/,-0.6158410872572716
https://habrahabr.ru/post/319790/,0.3182920782369572
https://habrahabr.ru/company/pushall/blog/319794/,-0.44418232780076883
https://habrahabr.ru/company/oleg-bunin/blog/319800/,0.15239872710544997
https://habrahabr.ru/post/319808/,-0.5006211153449752
https://geektimes.ru/post/284720/,-0.9466957694316095
https://geektimes.ru/post/284710/,1.5238431533362098
https://habrahabr.ru/company/spbau/blog/319812/,-1.1280048070602775
https://habrahabr.ru/post/319810/,0.36313038027091366
https://geektimes.ru/post/284110/,0.8933262721728029
https://habrahabr.ru/post/319798/,1.3509520732817335
https://habrahabr.ru/post/319786/,0.5565990785211667
https://geektimes.ru/company/audiomania/blog/284724/,-0.22845011664720039
https://habrahabr.ru/company/regberry/blog/319776/,0.03162456444719286
https://habrahabr.ru/company/dbtc/blog/319784/,0.42683379596933874
https://habrahabr.ru/post/319668/,0.24883563710831835
https://habrahabr.ru/company/vasexperts/blog/319624/,0.06686401278388321
https://habrahabr.ru/company/smartprogress/blog/319648/,0.470171677557707
https://habrahabr.ru/post/319826/,0.705416906783684
https://habrahabr.ru/company/payonline/blog/319738/,-1.110385600029761
https://habrahabr.ru/post/319822/,-0.5966185909855308
https://habrahabr.ru/company/parallels/blog/319824/,-0.29547253535699325
https://habrahabr.ru/post/319832/,0.7003400919892118
https://habrahabr.ru/post/319830/,-0.5050312991094554
https://geektimes.ru/post/284726/,0.6361018331345122
https://habrahabr.ru/company/ruvds/blog/319834/,-0.27842383932716364
https://geektimes.ru/company/intel/blog/284686/,-0.6720803910042675
https://habrahabr.ru/post/319836/,-0.055565260434061736
https://habrahabr.ru/post/319838/,0.2408202662558311
https://geektimes.ru/post/284730/,-1.1360037353496972
https://habrahabr.ru/post/319804/,0.8542337400271828
https://geektimes.ru/company/dell/blog/284732/,0.337001562679685
https://habrahabr.ru/company/1cloud/blog/319848/,0.7833946114177045
https://habrahabr.ru/post/319440/,1.1493770853415284
https://geektimes.ru/post/284736/,0.6156086122324926
https://habrahabr.ru/post/319842/,-0.8531178220363907
https://habrahabr.ru/post/319852/,1.4996504096277996
https://geektimes.ru/post/284734/,0.18587030655195771
https://habrahabr.ru/post/319858/,0.5893851867253236
https://habrahabr.ru/post/319722/,1.00888747680245
https://habrahabr.ru/post/319868/,0.007033554065001446
https://habrahabr.ru/post/319860/,0.06595471717368673
https://habrahabr.ru/post/319862/,0.13024276528113427
https://geektimes.ru/post/284740/,0.1669004992000313
https://habrahabr.ru/company/postgrespro/blog/319770/,0.18239438072781614
https://habrahabr.ru/post/319872/,0.4967064002816802
https://geektimes.ru/company/mailru/blog/284742/,0.3737441218578633
https://geektimes.ru/company/tm/blog/284670/,-0.38906538059785967
https://geektimes.ru/post/284738/,-0.008630256574557293
https://habrahabr.ru/post/319880/,0.050298161824455734
https://habrahabr.ru/company/yasno_tv/blog/319886/,0.1825925582125183
https://geektimes.ru/post/284830/,-1.1213134537877405
https://geektimes.ru/post/284832/,-0.05179273611676549
https://habrahabr.ru/company/oleg-bunin/blog/319888/,0.9542500700554881
https://geektimes.ru/post/284838/,0.3286573965145672
https://habrahabr.ru/post/319876/,0.8593040459439768
https://habrahabr.ru/post/319796/,0.05911768596734773
https://geektimes.ru/post/284840/,1.3210536054027435
https://habrahabr.ru/post/319896/,-1.2210064832085363
https://habrahabr.ru/post/319902/,-0.7706012551645601
https://habrahabr.ru/post/319898/,0.8480905980408923
https://habrahabr.ru/post/319586/,-0.0785322478254395
https://habrahabr.ru/company/kingservers/blog/319904/,0.2186831432254197
https://geektimes.ru/post/284844/,-0.9332656649749324
https://habrahabr.ru/company/devexpress/blog/319906/,-0.28191004083741045
https://habrahabr.ru/post/319820/,0.9643398383744328
https://habrahabr.ru/company/mosigra/blog/319914/,0.4733981881996341
https://habrahabr.ru/company/croc/blog/319908/,-0.05785931452766463
https://habrahabr.ru/company/panda/blog/319916/,-0.514769918270894
https://geektimes.ru/post/284834/,0.3923943782812958
https://habrahabr.ru/company/cisco/blog/319910/,0.4545449619363232
https://habrahabr.ru/post/319900/,0.38419399021428835
https://habrahabr.ru/post/319918/,0.4872734319012567
https://habrahabr.ru/post/319922/,-0.2538368811143381
https://habrahabr.ru/company/zadarma/blog/319726/,-0.4033261207169553
https://habrahabr.ru/post/308220/,1.5092088475726961
https://geektimes.ru/post/284850/,-0.392325555201145
https://habrahabr.ru/company/squadra-group/blog/319878/,0.01892025987457241
https://habrahabr.ru/post/319932/,1.2993767627883577
https://geektimes.ru/post/284854/,0.13460509593993764
https://habrahabr.ru/company/regionsoft/blog/319928/,0.0286920204896865
https://habrahabr.ru/post/319936/,0.9029537913957166
https://geektimes.ru/post/284852/,0.19891131621097888
https://habrahabr.ru/company/jetinfosystems/blog/319948/,-0.7146491169491765
https://habrahabr.ru/company/wrike/blog/319944/,0.47621447724115995
https://habrahabr.ru/company/geekbrains/blog/319938/,0.168798343882934
https://habrahabr.ru/post/319950/,0.45388890147196725
https://geektimes.ru/company/legoeducation/blog/284858/,0.47161502243970066
https://geektimes.ru/post/284864/,-0.5192256914511236
https://geektimes.ru/post/284866/,-0.8531809565234082
https://habrahabr.ru/company/innopolis_university/blog/319960/,-0.09861379875668197
https://habrahabr.ru/company/redmadrobot/blog/319806/,-0.2673614897300579
https://geektimes.ru/post/284868/,0.28379659846453886
https://habrahabr.ru/company/jugru/blog/319854/,-0.35380709243096586
https://geektimes.ru/company/lenovo/blog/284860/,-0.8637677108539189
https://habrahabr.ru/company/darta_systems/blog/319958/,-0.9123192275358164
https://habrahabr.ru/company/microsoft/blog/319962/,0.3970551780375186
https://habrahabr.ru/post/319942/,-0.5125619967406895
https://geektimes.ru/post/284870/,-1.087381140473778
https://habrahabr.ru/post/319912/,-0.07796351118619826
https://geektimes.ru/company/dadget/blog/284874/,0.9323561950072227
https://geektimes.ru/company/gearbest/blog/284876/,0.08638255809451623
https://habrahabr.ru/company/sendpulse/blog/319964/,-0.13986787469628065
https://habrahabr.ru/post/319966/,0.12500057290413782
https://geektimes.ru/post/284882/,0.6603105775234158
https://geektimes.ru/post/284880/,-0.432315317289667
https://habrahabr.ru/company/appodeal/blog/319970/,-0.1968532317748679
https://habrahabr.ru/post/319974/,-0.17434624159415257
https://habrahabr.ru/post/319686/,0.17012715314414953
https://geektimes.ru/post/284878/,0.8275206899126603
https://habrahabr.ru/post/319976/,0.45809001880623923
https://geektimes.ru/post/284888/,0.47488213666886125
https://geektimes.ru/post/284890/,0.8060920429706111
https://habrahabr.ru/post/319978/,1.0770806193876106
https://geektimes.ru/post/284892/,-0.2438074323440832
https://habrahabr.ru/post/318846/,0.7875804708041554
https://geektimes.ru/post/284898/,-0.9120807392724125
https://geektimes.ru/post/284902/,1.0349730987614993
https://habrahabr.ru/post/319982/,-0.34582712406451677
https://habrahabr.ru/company/it-grad/blog/319612/,0.002465410741443297
https://geektimes.ru/company/audiomania/blog/284872/,-1.086608212042694
https://habrahabr.ru/post/319984/,0.772455094147968
https://geektimes.ru/post/284904/,0.48051531638858574
https://habrahabr.ru/company/softline/blog/319814/,-0.14854700147682143
https://habrahabr.ru/company/microsoft/blog/319986/,0.024162801572184534
https://habrahabr.ru/company/Voximplant/blog/319866/,-0.6695072964523242
https://habrahabr.ru/post/319996/,0.5276860723346892
https://geektimes.ru/post/284906/,0.833385632595648
https://habrahabr.ru/company/payonline/blog/312398/,-0.14203149681008648
https://habrahabr.ru/company/google/blog/319772/,0.2657402092067212
https://habrahabr.ru/company/mailru/blog/319956/,0.9417068957810643
https://habrahabr.ru/company/virtuozzo/blog/319998/,0.9808026216947296
https://habrahabr.ru/company/ruvds/blog/320002/,-0.2310760939326083
https://habrahabr.ru/company/dataline/blog/319926/,-0.5269269704743471
https://habrahabr.ru/post/320006/,1.7113434264186722
https://geektimes.ru/post/284910/,1.1256622304403443
https://habrahabr.ru/company/badoo/blog/319934/,0.42660083731252474
https://habrahabr.ru/company/parallels/blog/319994/,-0.522807115644104
https://habrahabr.ru/company/everydaytools/blog/320000/,0.5210864937765078
https://geektimes.ru/post/284914/,0.1433037117273784
https://habrahabr.ru/company/surfingbird/blog/320012/,-0.7649092832616796
https://habrahabr.ru/post/320014/,1.2305829922895897
https://habrahabr.ru/company/pc-administrator/blog/320016/,0.3469847363152323
https://geektimes.ru/post/284916/,-1.1921652816207717
https://geektimes.ru/post/284920/,0.6609615461573496
https://geektimes.ru/company/nag/blog/284912/,-0.2711750437367667
https://geektimes.ru/post/284918/,0.007335639009280859
https://habrahabr.ru/company/spbifmo/blog/320020/,-0.623453793384313
https://habrahabr.ru/company/1cloud/blog/320026/,-0.4602208389999579
https://geektimes.ru/post/284922/,0.7375627460173468
https://habrahabr.ru/post/319864/,1.4606694036271324
https://habrahabr.ru/post/320034/,0.36285267869160953
https://habrahabr.ru/post/320036/,1.3508917068110677
https://geektimes.ru/post/284846/,0.49148025192407796
https://habrahabr.ru/company/mipt/blog/320042/,-0.5807339705284802
https://habrahabr.ru/company/oleg-bunin/blog/320044/,0.6358882098782139
https://habrahabr.ru/post/320046/,0.32188402685605555
https://habrahabr.ru/company/nanosoft/blog/320048/,0.41529147781435916
https://geektimes.ru/company/top3dshop/blog/284928/,-0.09873883653912807
https://habrahabr.ru/post/320050/,1.0857279770926411
https://geektimes.ru/post/282532/,-0.04030038340363101
https://habrahabr.ru/post/320054/,-0.45287017090611315
https://geektimes.ru/post/284934/,0.6962862244991976
https://geektimes.ru/post/284936/,-0.5374713395749605
https://habrahabr.ru/company/kaspersky/blog/320060/,-0.22029434664314174
https://habrahabr.ru/company/meduza/blog/320062/,0.20550022853168437
https://habrahabr.ru/company/piter/blog/320064/,0.32517476738519424
https://geektimes.ru/post/284940/,0.6297045525267404
https://geektimes.ru/company/pult/blog/284942/,-0.4674196242679275
https://geektimes.ru/post/284938/,0.3525574600272482
https://geektimes.ru/post/284944/,0.9683575786433499
https://geektimes.ru/post/284930/,-0.14999887686375113
https://habrahabr.ru/post/320066/,-0.23890614330829862
https://geektimes.ru/post/284946/,-0.05285836631066654
https://habrahabr.ru/post/320070/,0.7814259622301357
https://habrahabr.ru/post/320072/,0.4618781348316896
https://geektimes.ru/post/284950/,0.4350366272854544
https://habrahabr.ru/post/319894/,1.478352060176371
https://geektimes.ru/post/284954/,-0.3929068991847443
https://geektimes.ru/post/284956/,0.8477340172538088
https://habrahabr.ru/post/320080/,1.136248823435514
https://habrahabr.ru/post/320082/,0.43809423975391276
https://geektimes.ru/post/284958/,0.3067740038196668
https://habrahabr.ru/post/320086/,-0.8958211693507566
https://habrahabr.ru/company/pushall/blog/320090/,-0.24795998432446054
https://habrahabr.ru/post/319542/,0.5199623650201345
https://habrahabr.ru/post/320092/,-0.4965000604101705
https://habrahabr.ru/post/320098/,0.1338678028652424
https://geektimes.ru/post/284964/,-1.0269834035915948
https://geektimes.ru/post/284966/,-0.5727022697418015
https://geektimes.ru/post/284968/,0.6169279107877012
https://habrahabr.ru/company/3cx/blog/320102/,-0.7590747092729023
https://habrahabr.ru/post/320100/,0.8141816135263128
https://geektimes.ru/post/284972/,-0.7608644274512445
https://habrahabr.ru/post/320104/,0.7476300491513576
https://habrahabr.ru/post/320108/,0.04118080322868528
https://habrahabr.ru/post/320110/,0.9523530659815023
https://habrahabr.ru/post/320114/,0.27671846942616274
https://habrahabr.ru/post/320116/,-0.8395081277786282
https://geektimes.ru/post/284974/,1.6305395032797305
https://habrahabr.ru/post/320320/,-0.09256332642948811
https://geektimes.ru/post/284976/,0.4022342993656809
https://geektimes.ru/post/284962/,0.6102938952000356
https://geektimes.ru/post/284978/,0.5365568239202159
https://habrahabr.ru/post/320122/,0.5245076710959253
https://habrahabr.ru/post/320124/,0.9282959860204042
https://habrahabr.ru/post/320134/,0.27024190193196773
https://habrahabr.ru/post/320136/,0.31382396999779133
https://geektimes.ru/post/284970/,0.571765619683452
https://geektimes.ru/post/284984/,-0.06761747272413221
https://habrahabr.ru/post/320142/,0.9905904511246202
https://geektimes.ru/post/284894/,0.22723519622100077
https://habrahabr.ru/post/320148/,-0.42141260462495866
https://geektimes.ru/company/madrobots/blog/284988/,-0.013288797459334256
https://habrahabr.ru/post/320076/,-1.2472797557473796
https://habrahabr.ru/post/320154/,0.4627087788680672
https://habrahabr.ru/post/320156/,0.5783522463846431
https://habrahabr.ru/company/kingservers/blog/320160/,0.7823416816573248
https://habrahabr.ru/company/zfort/blog/320166/,0.9038532648200887
https://habrahabr.ru/post/320168/,0.7662132772094148
https://habrahabr.ru/post/320106/,1.3792658872653916
https://geektimes.ru/post/284992/,0.026051170457679518
https://habrahabr.ru/post/320172/,0.7308911590939396
https://geektimes.ru/post/284996/,0.39173026098162156
https://geektimes.ru/post/284386/,0.747672312261357
https://geektimes.ru/post/284980/,0.5754860516885574
https://habrahabr.ru/post/320178/,0.225615266262785
https://habrahabr.ru/post/320176/,0.024036287193324235
https://habrahabr.ru/post/320132/,0.6339136252672503
https://habrahabr.ru/post/320180/,-0.464671076855114
https://habrahabr.ru/company/bizone/blog/320032/,0.3492404570704122
https://habrahabr.ru/post/320174/,0.7073249480777751
https://geektimes.ru/company/nag/blog/284998/,0.12844395342540232
https://geektimes.ru/post/285002/,0.7632391382908181
https://habrahabr.ru/post/320120/,0.2056843909241099
https://habrahabr.ru/post/320184/,1.0971679305223672
https://habrahabr.ru/post/320150/,1.869371681385013
https://geektimes.ru/post/285004/,0.06699996880743073
https://habrahabr.ru/post/319644/,0.7866530873843733
https://habrahabr.ru/post/317798/,-0.15836425345298688
https://geektimes.ru/post/285008/,1.6574475980852954
https://geektimes.ru/company/asus/blog/285010/,0.5762505249229053
https://habrahabr.ru/post/320196/,0.7936092274795584
https://habrahabr.ru/company/mailru/blog/320198/,-1.5765498176139814
https://geektimes.ru/post/284990/,1.1844078961775526
https://geektimes.ru/post/285012/,-0.31871907462549076
https://habrahabr.ru/company/parallels/blog/320190/,-0.21839877511648187
https://habrahabr.ru/company/antilatency/blog/320204/,0.8825918491321973
https://habrahabr.ru/post/320084/,0.36729553710806484
https://habrahabr.ru/post/320206/,0.8982461724027093
https://geektimes.ru/company/lakhta_center/blog/284696/,0.3027891950603495
https://habrahabr.ru/post/320212/,0.3656571217405039
https://geektimes.ru/company/mvideo/blog/284908/,0.5344423017128551
https://geektimes.ru/post/285016/,-0.05655677052765862
https://habrahabr.ru/company/neobit/blog/320188/,0.4671203686158206
https://habrahabr.ru/post/320058/,0.26008255151509724
https://habrahabr.ru/post/320210/,-0.44419688255213474
https://habrahabr.ru/post/320140/,1.0514329241702356
https://habrahabr.ru/company/ruvds/blog/320218/,-0.19049459067605012
https://geektimes.ru/post/285020/,0.8415612857959667
https://habrahabr.ru/post/320222/,-0.2926855816073026
https://habrahabr.ru/post/320224/,0.5894154624616268
https://habrahabr.ru/company/infowatch/blog/320226/,-0.06229878178150622
https://geektimes.ru/post/284948/,0.42105918249489604
https://habrahabr.ru/company/pt/blog/320228/,0.424093096600201
https://habrahabr.ru/post/320240/,0.3833791939846087
https://geektimes.ru/post/285030/,0.030755871810919544
https://geektimes.ru/company/gearbest/blog/285032/,0.4120458497415937
https://habrahabr.ru/post/320234/,0.8349196955534275
https://habrahabr.ru/company/fujitsu/blog/320230/,-0.9589824415776068
https://habrahabr.ru/company/everydaytools/blog/319990/,0.6882982470673714
https://habrahabr.ru/post/320242/,0.15259183745023175
https://geektimes.ru/post/285028/,-1.5495918576340912
https://geektimes.ru/company/lenovo/blog/285036/,-0.4864121540660813
https://habrahabr.ru/company/microsoft/blog/320238/,0.5614100864499807
https://habrahabr.ru/company/muk/blog/320248/,-0.17570525598645642
https://geektimes.ru/post/281804/,1.2796047384877414
https://geektimes.ru/post/285038/,-0.734254603300044
https://habrahabr.ru/post/320252/,-0.18365657978533378
https://geektimes.ru/post/285040/,0.7022800153820128
https://geektimes.ru/post/285042/,-0.5613053416562528
https://geektimes.ru/company/lamptest/blog/285034/,-0.6611226641240414
https://geektimes.ru/post/285046/,0.23244908055580052
https://geektimes.ru/company/waves/blog/282352/,0.6014361434588847
https://geektimes.ru/post/285044/,0.5241092778491698
https://geektimes.ru/company/wirex/blog/281128/,-0.25530670755147855
https://geektimes.ru/company/payonline/blog/278940/,0.16678019410893166
https://habrahabr.ru/post/320200/,0.16005212147473472
https://habrahabr.ru/post/320258/,0.2574988300559509
https://habrahabr.ru/post/320244/,0.4458883196037099
https://geektimes.ru/post/285048/,0.39131081493161474
https://geektimes.ru/company/mailru/blog/285026/,-0.6234700385940001
https://habrahabr.ru/company/web_payment_ru/blog/320194/,-1.8195109662547178
https://habrahabr.ru/company/vivaldi/blog/320260/,-0.8946429774482935
https://habrahabr.ru/post/320264/,0.5817076109043571
https://habrahabr.ru/post/320266/,-0.1230938252952421
https://habrahabr.ru/post/320220/,0.6422433556926679
https://habrahabr.ru/post/320272/,0.2439437039660211
https://habrahabr.ru/post/320282/,0.40659922112363744
https://habrahabr.ru/post/320284/,0.22343178616927634
https://geektimes.ru/post/285058/,-0.09210866949510005
https://habrahabr.ru/post/320286/,0.9153626389394555
https://geektimes.ru/company/pult/blog/285060/,0.7045007224101254
https://habrahabr.ru/company/echelon/blog/320270/,-0.28713423804186256
https://geektimes.ru/company/dadget/blog/285050/,0.249237910090226
https://habrahabr.ru/company/panda/blog/320290/,-0.09072919358987214
https://habrahabr.ru/company/scrumtrek/blog/320158/,-0.679120112232422
https://habrahabr.ru/company/centosadmin/blog/319988/,-0.47029403149024096
https://habrahabr.ru/post/320268/,0.9730511690223264
https://habrahabr.ru/company/it-grad/blog/319614/,0.1263127924472549
https://habrahabr.ru/company/vasexperts/blog/319626/,-0.010512298357662708
https://habrahabr.ru/company/alconost/blog/320250/,0.09747948567184725
https://habrahabr.ru/company/jugru/blog/319954/,-0.8488214956865637
https://habrahabr.ru/post/320296/,0.7808001419165089
https://habrahabr.ru/company/hosting-cafe/blog/319762/,0.5815931435589712
https://geektimes.ru/company/audiomania/blog/285054/,0.5566046034274112
https://geektimes.ru/company/makeitlab/blog/285056/,0.35514633348135466
https://habrahabr.ru/post/320236/,0.03298716918705119
https://habrahabr.ru/post/320300/,-0.1767810971590646
https://habrahabr.ru/company/JetBrains/blog/319780/,0.029024026198649078
https://habrahabr.ru/post/320078/,0.3306071650501336
https://habrahabr.ru/company/piter/blog/320298/,0.49889268748082827
https://habrahabr.ru/post/320280/,0.6715132226597349
https://habrahabr.ru/post/320128/,1.0275743722180652
https://habrahabr.ru/post/320302/,0.9445868873064776
https://habrahabr.ru/company/tcsbank/blog/320052/,0.3806512768178347
https://habrahabr.ru/post/320306/,1.3692556290593991
https://geektimes.ru/post/285064/,-0.6564027278887548
https://habrahabr.ru/company/vivaldi/blog/320308/,-0.2303582089489037
https://habrahabr.ru/post/320316/,0.97841328624602
https://geektimes.ru/post/285068/,0.0022857842741213497
https://habrahabr.ru/company/hpchub/blog/319940/,-0.2843548818236511
https://habrahabr.ru/company/livetyping/blog/320040/,-0.1401181530773517
https://habrahabr.ru/company/ruvds/blog/320318/,1.2901025572910572
https://geektimes.ru/company/mailru/blog/284692/,0.23867614374473312
https://geektimes.ru/post/285062/,-0.17896479472431248
https://habrahabr.ru/company/zpayment/blog/320202/,-0.31370403809902425
https://geektimes.ru/post/285072/,-0.6901669692589606
https://habrahabr.ru/post/320330/,0.36263294326615303
https://geektimes.ru/post/285076/,-1.3807823544316706
https://habrahabr.ru/post/320310/,-0.16510489163626996
https://habrahabr.ru/post/320342/,0.8398568180320797
https://habrahabr.ru/company/mipt/blog/320344/,-0.08525244944717109
https://habrahabr.ru/post/320346/,1.1303506522302569
https://habrahabr.ru/company/npl/blog/320336/,-0.00020098379786559484
https://geektimes.ru/post/285078/,-0.1659112431167572
https://habrahabr.ru/company/miip/blog/319890/,0.2662915719278156
https://geektimes.ru/company/genotek/blog/285082/,0.1731594424661835
https://habrahabr.ru/post/320348/,0.438335401705084
https://geektimes.ru/post/285084/,-0.7103169559039116
https://habrahabr.ru/post/320010/,0.33538456716596754
https://habrahabr.ru/post/320354/,-0.6109597720663736
https://habrahabr.ru/company/smmreact/blog/320356/,-0.48357123086841847
https://geektimes.ru/company/forma/blog/285088/,0.3114598329960652
https://habrahabr.ru/post/320358/,-0.12368017591265623
https://habrahabr.ru/post/320360/,0.6568044140019312
https://geektimes.ru/post/285090/,0.2608392489620427
https://habrahabr.ru/post/320364/,-1.458539727087687
https://habrahabr.ru/post/318358/,-0.22092824266588962
https://habrahabr.ru/post/320256/,0.35056572862681856
https://habrahabr.ru/company/monandco/blog/320370/,-0.1920525968094845
https://habrahabr.ru/post/319550/,1.3110463376291852
https://habrahabr.ru/post/320372/,-0.03017764430008618
https://habrahabr.ru/company/solarsecurity/blog/320262/,0.6633351361880708
https://habrahabr.ru/post/320374/,0.4406012739510081
https://habrahabr.ru/post/320378/,-0.019244874068473694
https://habrahabr.ru/company/microsoft/blog/320338/,0.35893151172490523
https://habrahabr.ru/post/320304/,0.6036502546153406
https://geektimes.ru/company/audiomania/blog/285096/,0.40610628696568307
https://habrahabr.ru/company/rindo/blog/320294/,0.05358879924893156
https://habrahabr.ru/company/everydaytools/blog/320376/,0.6550685357710622
https://habrahabr.ru/company/mailru/blog/320350/,-0.30153505132574987
https://habrahabr.ru/company/supereon/blog/320384/,0.21095349569172894
https://geektimes.ru/post/285100/,-0.34889407137333206
https://geektimes.ru/post/285098/,-0.7469762935996488
https://habrahabr.ru/company/luxoft/blog/320388/,-1.737183075028672
https://habrahabr.ru/company/first/blog/320186/,1.351525668573117
https://habrahabr.ru/post/320390/,0.5831745300350093
https://geektimes.ru/post/285110/,-0.49462067175532465
https://habrahabr.ru/post/320056/,1.004742869061329
https://geektimes.ru/post/285104/,-0.28702143197759034
https://habrahabr.ru/company/pt/blog/320394/,-0.4778147095515055
https://habrahabr.ru/post/320396/,0.7472729313348083
https://geektimes.ru/post/285116/,-1.0855543656870612
https://habrahabr.ru/company/echelon/blog/320398/,0.463707794051601
https://habrahabr.ru/company/mailru/blog/320402/,-0.40806351707836697
https://habrahabr.ru/post/319980/,-0.2626555426775947
https://habrahabr.ru/post/319920/,-0.24441505851144352
https://habrahabr.ru/post/320412/,-0.3783384058527772
https://habrahabr.ru/post/320414/,1.0922454000022404
https://habrahabr.ru/post/318400/,0.4199085842689306
https://geektimes.ru/post/285114/,0.05367979505652143
https://geektimes.ru/post/285120/,0.6584626366405297
https://habrahabr.ru/company/appodeal/blog/320418/,-0.20045634113727284
https://habrahabr.ru/company/hpe/blog/320366/,0.9321115304262168
https://habrahabr.ru/company/gvalg/blog/320424/,0.10130080768997879
https://habrahabr.ru/post/320426/,0.4848362670236244
https://habrahabr.ru/post/320430/,1.0933158588210228
https://habrahabr.ru/post/320362/,-0.4957329252999987
https://geektimes.ru/company/gearbest/blog/285092/,0.5703680252533194
https://geektimes.ru/post/285124/,-0.42343582382733613
https://geektimes.ru/post/285126/,-0.1702800258715661
https://habrahabr.ru/post/320446/,0.33674980268863103
https://geektimes.ru/post/285132/,0.3671236270193856
https://habrahabr.ru/company/livetyping/blog/320452/,-0.648128875054302
https://habrahabr.ru/post/320454/,-0.20088372746110705
https://habrahabr.ru/post/320450/,1.0640373861984895
https://habrahabr.ru/post/320458/,0.7988497312884346
https://geektimes.ru/post/285134/,-0.11711794447991586
https://geektimes.ru/post/285136/,1.02798511683755
https://habrahabr.ru/post/320462/,0.5519069914513499
https://habrahabr.ru/post/320074/,0.3977274041899048
https://habrahabr.ru/post/320464/,0.5050080960826383
https://habrahabr.ru/post/319406/,0.9113735486909551
https://geektimes.ru/company/dadget/blog/285130/,-0.23637650411706723
https://geektimes.ru/company/pult/blog/285138/,0.2885477407164953
https://habrahabr.ru/post/320456/,0.5479661643460247
https://habrahabr.ru/company/microsoft/blog/320232/,0.37695346727826007
https://geektimes.ru/post/281642/,-0.007713570430793404
https://habrahabr.ru/company/tuturu/blog/320326/,0.27546937127855975
https://habrahabr.ru/company/gemaltorussia/blog/320214/,0.6427064956296813
https://habrahabr.ru/post/320472/,0.02638696816963365
https://habrahabr.ru/company/croc/blog/320470/,0.6089677466076475
